"STATISTIC","Statistic","TLIST(A1)","Year","C02069V02500","Type of Fertiliser","UNIT","VALUE"
"AJA05","Fertiliser Price","1980","1980","001","Calcium Ammonium Nitrate (27.5% N)","Euro per Tonne","126"
"AJA05","Fertiliser Price","1980","1980","002","Urea (46% N)","Euro per Tonne","159"
"AJA05","Fertiliser Price","1980","1980","004","Granular Superphosphate (16% P)","Euro per Tonne","170"
"AJA05","Fertiliser Price","1980","1980","006","Muriate of Potash (50% K)","Euro per Tonne","114"
"AJA05","Fertiliser Price","1980","1980","007","Compound 0-10-20","Euro per Tonne","138"
"AJA05","Fertiliser Price","1980","1980","008","Compound 0-7-30","Euro per Tonne","135"
"AJA05","Fertiliser Price","1980","1980","009","Compound 7-6-17","Euro per Tonne","161"
"AJA05","Fertiliser Price","1980","1980","010","Compound 10-10-20","Euro per Tonne","171"
"AJA05","Fertiliser Price","1980","1980","011","Compound 14-7-14","Euro per Tonne","161"
"AJA05","Fertiliser Price","1980","1980","012","Compound 18-6-12","Euro per Tonne","163"
"AJA05","Fertiliser Price","1980","1980","013","Compound 24-2.5-10","Euro per Tonne","166"
"AJA05","Fertiliser Price","1980","1980","014","Compound 27-2.5-5","Euro per Tonne","162"
"AJA05","Fertiliser Price","1980","1980","015","Sulphate of Potash (42% K)","Euro per Tonne",""
"AJA05","Fertiliser Price","1980","1980","016","Compound 8-5-18","Euro per Tonne",""
"AJA05","Fertiliser Price","1980","1980","017","Compound 20-4-10","Euro per Tonne",""
"AJA05","Fertiliser Price","1980","1980","018","Sulphate of Ammonia (21%)","Euro per Tonne",""
"AJA05","Fertiliser Price","1980","1980","019","Ammonium Sulphate Nitrate (26%)","Euro per Tonne",""
"AJA05","Fertiliser Price","1980","1980","020","Compound 10-5-25","Euro per Tonne",""
"AJA05","Fertiliser Price","1980","1980","021","Compound 13-6-20","Euro per Tonne",""
"AJA05","Fertiliser Price","1980","1980","022","Compound 15-3-20","Euro per Tonne",""
"AJA05","Fertiliser Price","1980","1980","023","Compound 24-2.2-10","Euro per Tonne",""
"AJA05","Fertiliser Price","1980","1980","024","Compound 24-2.2-4.5","Euro per Tonne",""
"AJA05","Fertiliser Price","1980","1980","026","Compound 19-0-15","Euro per Tonne",""
"AJA05","Fertiliser Price","1980","1980","027","Compound 25-4-0","Euro per Tonne",""
"AJA05","Fertiliser Price","1981","1981","001","Calcium Ammonium Nitrate (27.5% N)","Euro per Tonne","144"
"AJA05","Fertiliser Price","1981","1981","002","Urea (46% N)","Euro per Tonne","181"
"AJA05","Fertiliser Price","1981","1981","004","Granular Superphosphate (16% P)","Euro per Tonne","203"
"AJA05","Fertiliser Price","1981","1981","006","Muriate of Potash (50% K)","Euro per Tonne","135"
"AJA05","Fertiliser Price","1981","1981","007","Compound 0-10-20","Euro per Tonne","162"
"AJA05","Fertiliser Price","1981","1981","008","Compound 0-7-30","Euro per Tonne","159"
"AJA05","Fertiliser Price","1981","1981","009","Compound 7-6-17","Euro per Tonne","189"
"AJA05","Fertiliser Price","1981","1981","010","Compound 10-10-20","Euro per Tonne","197"
"AJA05","Fertiliser Price","1981","1981","011","Compound 14-7-14","Euro per Tonne","186"
"AJA05","Fertiliser Price","1981","1981","012","Compound 18-6-12","Euro per Tonne","186"
"AJA05","Fertiliser Price","1981","1981","013","Compound 24-2.5-10","Euro per Tonne","181"
"AJA05","Fertiliser Price","1981","1981","014","Compound 27-2.5-5","Euro per Tonne","178"
"AJA05","Fertiliser Price","1981","1981","015","Sulphate of Potash (42% K)","Euro per Tonne",""
"AJA05","Fertiliser Price","1981","1981","016","Compound 8-5-18","Euro per Tonne",""
"AJA05","Fertiliser Price","1981","1981","017","Compound 20-4-10","Euro per Tonne",""
"AJA05","Fertiliser Price","1981","1981","018","Sulphate of Ammonia (21%)","Euro per Tonne",""
"AJA05","Fertiliser Price","1981","1981","019","Ammonium Sulphate Nitrate (26%)","Euro per Tonne",""
"AJA05","Fertiliser Price","1981","1981","020","Compound 10-5-25","Euro per Tonne",""
"AJA05","Fertiliser Price","1981","1981","021","Compound 13-6-20","Euro per Tonne",""
"AJA05","Fertiliser Price","1981","1981","022","Compound 15-3-20","Euro per Tonne",""
"AJA05","Fertiliser Price","1981","1981","023","Compound 24-2.2-10","Euro per Tonne",""
"AJA05","Fertiliser Price","1981","1981","024","Compound 24-2.2-4.5","Euro per Tonne",""
"AJA05","Fertiliser Price","1981","1981","026","Compound 19-0-15","Euro per Tonne",""
"AJA05","Fertiliser Price","1981","1981","027","Compound 25-4-0","Euro per Tonne",""
"AJA05","Fertiliser Price","1982","1982","001","Calcium Ammonium Nitrate (27.5% N)","Euro per Tonne","157"
"AJA05","Fertiliser Price","1982","1982","002","Urea (46% N)","Euro per Tonne","197"
"AJA05","Fertiliser Price","1982","1982","004","Granular Superphosphate (16% P)","Euro per Tonne","232"
"AJA05","Fertiliser Price","1982","1982","006","Muriate of Potash (50% K)","Euro per Tonne","148"
"AJA05","Fertiliser Price","1982","1982","007","Compound 0-10-20","Euro per Tonne","168"
"AJA05","Fertiliser Price","1982","1982","008","Compound 0-7-30","Euro per Tonne","166"
"AJA05","Fertiliser Price","1982","1982","009","Compound 7-6-17","Euro per Tonne","215"
"AJA05","Fertiliser Price","1982","1982","010","Compound 10-10-20","Euro per Tonne","206"
"AJA05","Fertiliser Price","1982","1982","011","Compound 14-7-14","Euro per Tonne","193"
"AJA05","Fertiliser Price","1982","1982","012","Compound 18-6-12","Euro per Tonne","195"
"AJA05","Fertiliser Price","1982","1982","013","Compound 24-2.5-10","Euro per Tonne","197"
"AJA05","Fertiliser Price","1982","1982","014","Compound 27-2.5-5","Euro per Tonne","196"
"AJA05","Fertiliser Price","1982","1982","015","Sulphate of Potash (42% K)","Euro per Tonne",""
"AJA05","Fertiliser Price","1982","1982","016","Compound 8-5-18","Euro per Tonne",""
"AJA05","Fertiliser Price","1982","1982","017","Compound 20-4-10","Euro per Tonne",""
"AJA05","Fertiliser Price","1982","1982","018","Sulphate of Ammonia (21%)","Euro per Tonne",""
"AJA05","Fertiliser Price","1982","1982","019","Ammonium Sulphate Nitrate (26%)","Euro per Tonne",""
"AJA05","Fertiliser Price","1982","1982","020","Compound 10-5-25","Euro per Tonne",""
"AJA05","Fertiliser Price","1982","1982","021","Compound 13-6-20","Euro per Tonne",""
"AJA05","Fertiliser Price","1982","1982","022","Compound 15-3-20","Euro per Tonne",""
"AJA05","Fertiliser Price","1982","1982","023","Compound 24-2.2-10","Euro per Tonne",""
"AJA05","Fertiliser Price","1982","1982","024","Compound 24-2.2-4.5","Euro per Tonne",""
"AJA05","Fertiliser Price","1982","1982","026","Compound 19-0-15","Euro per Tonne",""
"AJA05","Fertiliser Price","1982","1982","027","Compound 25-4-0","Euro per Tonne",""
"AJA05","Fertiliser Price","1983","1983","001","Calcium Ammonium Nitrate (27.5% N)","Euro per Tonne","158"
"AJA05","Fertiliser Price","1983","1983","002","Urea (46% N)","Euro per Tonne","206"
"AJA05","Fertiliser Price","1983","1983","004","Granular Superphosphate (16% P)","Euro per Tonne","241"
"AJA05","Fertiliser Price","1983","1983","006","Muriate of Potash (50% K)","Euro per Tonne","152"
"AJA05","Fertiliser Price","1983","1983","007","Compound 0-10-20","Euro per Tonne","168"
"AJA05","Fertiliser Price","1983","1983","008","Compound 0-7-30","Euro per Tonne","166"
"AJA05","Fertiliser Price","1983","1983","009","Compound 7-6-17","Euro per Tonne","217"
"AJA05","Fertiliser Price","1983","1983","010","Compound 10-10-20","Euro per Tonne","206"
"AJA05","Fertiliser Price","1983","1983","011","Compound 14-7-14","Euro per Tonne","193"
"AJA05","Fertiliser Price","1983","1983","012","Compound 18-6-12","Euro per Tonne","194"
"AJA05","Fertiliser Price","1983","1983","013","Compound 24-2.5-10","Euro per Tonne","199"
"AJA05","Fertiliser Price","1983","1983","014","Compound 27-2.5-5","Euro per Tonne","196"
"AJA05","Fertiliser Price","1983","1983","015","Sulphate of Potash (42% K)","Euro per Tonne",""
"AJA05","Fertiliser Price","1983","1983","016","Compound 8-5-18","Euro per Tonne",""
"AJA05","Fertiliser Price","1983","1983","017","Compound 20-4-10","Euro per Tonne",""
"AJA05","Fertiliser Price","1983","1983","018","Sulphate of Ammonia (21%)","Euro per Tonne",""
"AJA05","Fertiliser Price","1983","1983","019","Ammonium Sulphate Nitrate (26%)","Euro per Tonne",""
"AJA05","Fertiliser Price","1983","1983","020","Compound 10-5-25","Euro per Tonne",""
"AJA05","Fertiliser Price","1983","1983","021","Compound 13-6-20","Euro per Tonne",""
"AJA05","Fertiliser Price","1983","1983","022","Compound 15-3-20","Euro per Tonne",""
"AJA05","Fertiliser Price","1983","1983","023","Compound 24-2.2-10","Euro per Tonne",""
"AJA05","Fertiliser Price","1983","1983","024","Compound 24-2.2-4.5","Euro per Tonne",""
"AJA05","Fertiliser Price","1983","1983","026","Compound 19-0-15","Euro per Tonne",""
"AJA05","Fertiliser Price","1983","1983","027","Compound 25-4-0","Euro per Tonne",""
"AJA05","Fertiliser Price","1984","1984","001","Calcium Ammonium Nitrate (27.5% N)","Euro per Tonne","163"
"AJA05","Fertiliser Price","1984","1984","002","Urea (46% N)","Euro per Tonne","213"
"AJA05","Fertiliser Price","1984","1984","004","Granular Superphosphate (16% P)","Euro per Tonne","263"
"AJA05","Fertiliser Price","1984","1984","006","Muriate of Potash (50% K)","Euro per Tonne","171"
"AJA05","Fertiliser Price","1984","1984","007","Compound 0-10-20","Euro per Tonne","189"
"AJA05","Fertiliser Price","1984","1984","008","Compound 0-7-30","Euro per Tonne","185"
"AJA05","Fertiliser Price","1984","1984","009","Compound 7-6-17","Euro per Tonne","235"
"AJA05","Fertiliser Price","1984","1984","010","Compound 10-10-20","Euro per Tonne","231"
"AJA05","Fertiliser Price","1984","1984","011","Compound 14-7-14","Euro per Tonne","211"
"AJA05","Fertiliser Price","1984","1984","012","Compound 18-6-12","Euro per Tonne","212"
"AJA05","Fertiliser Price","1984","1984","013","Compound 24-2.5-10","Euro per Tonne","220"
"AJA05","Fertiliser Price","1984","1984","014","Compound 27-2.5-5","Euro per Tonne","217"
"AJA05","Fertiliser Price","1984","1984","015","Sulphate of Potash (42% K)","Euro per Tonne",""
"AJA05","Fertiliser Price","1984","1984","016","Compound 8-5-18","Euro per Tonne",""
"AJA05","Fertiliser Price","1984","1984","017","Compound 20-4-10","Euro per Tonne",""
"AJA05","Fertiliser Price","1984","1984","018","Sulphate of Ammonia (21%)","Euro per Tonne",""
"AJA05","Fertiliser Price","1984","1984","019","Ammonium Sulphate Nitrate (26%)","Euro per Tonne",""
"AJA05","Fertiliser Price","1984","1984","020","Compound 10-5-25","Euro per Tonne",""
"AJA05","Fertiliser Price","1984","1984","021","Compound 13-6-20","Euro per Tonne",""
"AJA05","Fertiliser Price","1984","1984","022","Compound 15-3-20","Euro per Tonne",""
"AJA05","Fertiliser Price","1984","1984","023","Compound 24-2.2-10","Euro per Tonne",""
"AJA05","Fertiliser Price","1984","1984","024","Compound 24-2.2-4.5","Euro per Tonne",""
"AJA05","Fertiliser Price","1984","1984","026","Compound 19-0-15","Euro per Tonne",""
"AJA05","Fertiliser Price","1984","1984","027","Compound 25-4-0","Euro per Tonne",""
"AJA05","Fertiliser Price","1985","1985","001","Calcium Ammonium Nitrate (27.5% N)","Euro per Tonne","179"
"AJA05","Fertiliser Price","1985","1985","002","Urea (46% N)","Euro per Tonne","242"
"AJA05","Fertiliser Price","1985","1985","004","Granular Superphosphate (16% P)","Euro per Tonne","283"
"AJA05","Fertiliser Price","1985","1985","006","Muriate of Potash (50% K)","Euro per Tonne","194"
"AJA05","Fertiliser Price","1985","1985","007","Compound 0-10-20","Euro per Tonne","203"
"AJA05","Fertiliser Price","1985","1985","008","Compound 0-7-30","Euro per Tonne","199"
"AJA05","Fertiliser Price","1985","1985","009","Compound 7-6-17","Euro per Tonne","259"
"AJA05","Fertiliser Price","1985","1985","010","Compound 10-10-20","Euro per Tonne","255"
"AJA05","Fertiliser Price","1985","1985","011","Compound 14-7-14","Euro per Tonne","236"
"AJA05","Fertiliser Price","1985","1985","012","Compound 18-6-12","Euro per Tonne","235"
"AJA05","Fertiliser Price","1985","1985","013","Compound 24-2.5-10","Euro per Tonne","232"
"AJA05","Fertiliser Price","1985","1985","014","Compound 27-2.5-5","Euro per Tonne","227"
"AJA05","Fertiliser Price","1985","1985","015","Sulphate of Potash (42% K)","Euro per Tonne",""
"AJA05","Fertiliser Price","1985","1985","016","Compound 8-5-18","Euro per Tonne",""
"AJA05","Fertiliser Price","1985","1985","017","Compound 20-4-10","Euro per Tonne",""
"AJA05","Fertiliser Price","1985","1985","018","Sulphate of Ammonia (21%)","Euro per Tonne",""
"AJA05","Fertiliser Price","1985","1985","019","Ammonium Sulphate Nitrate (26%)","Euro per Tonne",""
"AJA05","Fertiliser Price","1985","1985","020","Compound 10-5-25","Euro per Tonne",""
"AJA05","Fertiliser Price","1985","1985","021","Compound 13-6-20","Euro per Tonne",""
"AJA05","Fertiliser Price","1985","1985","022","Compound 15-3-20","Euro per Tonne",""
"AJA05","Fertiliser Price","1985","1985","023","Compound 24-2.2-10","Euro per Tonne",""
"AJA05","Fertiliser Price","1985","1985","024","Compound 24-2.2-4.5","Euro per Tonne",""
"AJA05","Fertiliser Price","1985","1985","026","Compound 19-0-15","Euro per Tonne",""
"AJA05","Fertiliser Price","1985","1985","027","Compound 25-4-0","Euro per Tonne",""
"AJA05","Fertiliser Price","1986","1986","001","Calcium Ammonium Nitrate (27.5% N)","Euro per Tonne","154"
"AJA05","Fertiliser Price","1986","1986","002","Urea (46% N)","Euro per Tonne","195"
"AJA05","Fertiliser Price","1986","1986","004","Granular Superphosphate (16% P)","Euro per Tonne",""
"AJA05","Fertiliser Price","1986","1986","006","Muriate of Potash (50% K)","Euro per Tonne","193"
"AJA05","Fertiliser Price","1986","1986","007","Compound 0-10-20","Euro per Tonne","179"
"AJA05","Fertiliser Price","1986","1986","008","Compound 0-7-30","Euro per Tonne","178"
"AJA05","Fertiliser Price","1986","1986","009","Compound 7-6-17","Euro per Tonne","247"
"AJA05","Fertiliser Price","1986","1986","010","Compound 10-10-20","Euro per Tonne","236"
"AJA05","Fertiliser Price","1986","1986","011","Compound 14-7-14","Euro per Tonne","219"
"AJA05","Fertiliser Price","1986","1986","012","Compound 18-6-12","Euro per Tonne","218"
"AJA05","Fertiliser Price","1986","1986","013","Compound 24-2.5-10","Euro per Tonne","218"
"AJA05","Fertiliser Price","1986","1986","014","Compound 27-2.5-5","Euro per Tonne","213"
"AJA05","Fertiliser Price","1986","1986","015","Sulphate of Potash (42% K)","Euro per Tonne",""
"AJA05","Fertiliser Price","1986","1986","016","Compound 8-5-18","Euro per Tonne",""
"AJA05","Fertiliser Price","1986","1986","017","Compound 20-4-10","Euro per Tonne",""
"AJA05","Fertiliser Price","1986","1986","018","Sulphate of Ammonia (21%)","Euro per Tonne",""
"AJA05","Fertiliser Price","1986","1986","019","Ammonium Sulphate Nitrate (26%)","Euro per Tonne",""
"AJA05","Fertiliser Price","1986","1986","020","Compound 10-5-25","Euro per Tonne",""
"AJA05","Fertiliser Price","1986","1986","021","Compound 13-6-20","Euro per Tonne",""
"AJA05","Fertiliser Price","1986","1986","022","Compound 15-3-20","Euro per Tonne",""
"AJA05","Fertiliser Price","1986","1986","023","Compound 24-2.2-10","Euro per Tonne",""
"AJA05","Fertiliser Price","1986","1986","024","Compound 24-2.2-4.5","Euro per Tonne",""
"AJA05","Fertiliser Price","1986","1986","026","Compound 19-0-15","Euro per Tonne",""
"AJA05","Fertiliser Price","1986","1986","027","Compound 25-4-0","Euro per Tonne",""
"AJA05","Fertiliser Price","1987","1987","001","Calcium Ammonium Nitrate (27.5% N)","Euro per Tonne","124"
"AJA05","Fertiliser Price","1987","1987","002","Urea (46% N)","Euro per Tonne","140"
"AJA05","Fertiliser Price","1987","1987","004","Granular Superphosphate (16% P)","Euro per Tonne","219"
"AJA05","Fertiliser Price","1987","1987","006","Muriate of Potash (50% K)","Euro per Tonne",""
"AJA05","Fertiliser Price","1987","1987","007","Compound 0-10-20","Euro per Tonne","149"
"AJA05","Fertiliser Price","1987","1987","008","Compound 0-7-30","Euro per Tonne","146"
"AJA05","Fertiliser Price","1987","1987","009","Compound 7-6-17","Euro per Tonne","208"
"AJA05","Fertiliser Price","1987","1987","010","Compound 10-10-20","Euro per Tonne","181"
"AJA05","Fertiliser Price","1987","1987","011","Compound 14-7-14","Euro per Tonne","168"
"AJA05","Fertiliser Price","1987","1987","012","Compound 18-6-12","Euro per Tonne","167"
"AJA05","Fertiliser Price","1987","1987","013","Compound 24-2.5-10","Euro per Tonne","167"
"AJA05","Fertiliser Price","1987","1987","014","Compound 27-2.5-5","Euro per Tonne","164"
"AJA05","Fertiliser Price","1987","1987","015","Sulphate of Potash (42% K)","Euro per Tonne",""
"AJA05","Fertiliser Price","1987","1987","016","Compound 8-5-18","Euro per Tonne",""
"AJA05","Fertiliser Price","1987","1987","017","Compound 20-4-10","Euro per Tonne",""
"AJA05","Fertiliser Price","1987","1987","018","Sulphate of Ammonia (21%)","Euro per Tonne",""
"AJA05","Fertiliser Price","1987","1987","019","Ammonium Sulphate Nitrate (26%)","Euro per Tonne",""
"AJA05","Fertiliser Price","1987","1987","020","Compound 10-5-25","Euro per Tonne",""
"AJA05","Fertiliser Price","1987","1987","021","Compound 13-6-20","Euro per Tonne",""
"AJA05","Fertiliser Price","1987","1987","022","Compound 15-3-20","Euro per Tonne",""
"AJA05","Fertiliser Price","1987","1987","023","Compound 24-2.2-10","Euro per Tonne",""
"AJA05","Fertiliser Price","1987","1987","024","Compound 24-2.2-4.5","Euro per Tonne",""
"AJA05","Fertiliser Price","1987","1987","026","Compound 19-0-15","Euro per Tonne",""
"AJA05","Fertiliser Price","1987","1987","027","Compound 25-4-0","Euro per Tonne",""
"AJA05","Fertiliser Price","1988","1988","001","Calcium Ammonium Nitrate (27.5% N)","Euro per Tonne","137"
"AJA05","Fertiliser Price","1988","1988","002","Urea (46% N)","Euro per Tonne","165"
"AJA05","Fertiliser Price","1988","1988","004","Granular Superphosphate (16% P)","Euro per Tonne",""
"AJA05","Fertiliser Price","1988","1988","006","Muriate of Potash (50% K)","Euro per Tonne",""
"AJA05","Fertiliser Price","1988","1988","007","Compound 0-10-20","Euro per Tonne","163"
"AJA05","Fertiliser Price","1988","1988","008","Compound 0-7-30","Euro per Tonne","159"
"AJA05","Fertiliser Price","1988","1988","009","Compound 7-6-17","Euro per Tonne",""
"AJA05","Fertiliser Price","1988","1988","010","Compound 10-10-20","Euro per Tonne","195"
"AJA05","Fertiliser Price","1988","1988","011","Compound 14-7-14","Euro per Tonne","187"
"AJA05","Fertiliser Price","1988","1988","012","Compound 18-6-12","Euro per Tonne","181"
"AJA05","Fertiliser Price","1988","1988","013","Compound 24-2.5-10","Euro per Tonne","175"
"AJA05","Fertiliser Price","1988","1988","014","Compound 27-2.5-5","Euro per Tonne","172"
"AJA05","Fertiliser Price","1988","1988","015","Sulphate of Potash (42% K)","Euro per Tonne",""
"AJA05","Fertiliser Price","1988","1988","016","Compound 8-5-18","Euro per Tonne",""
"AJA05","Fertiliser Price","1988","1988","017","Compound 20-4-10","Euro per Tonne",""
"AJA05","Fertiliser Price","1988","1988","018","Sulphate of Ammonia (21%)","Euro per Tonne",""
"AJA05","Fertiliser Price","1988","1988","019","Ammonium Sulphate Nitrate (26%)","Euro per Tonne",""
"AJA05","Fertiliser Price","1988","1988","020","Compound 10-5-25","Euro per Tonne",""
"AJA05","Fertiliser Price","1988","1988","021","Compound 13-6-20","Euro per Tonne",""
"AJA05","Fertiliser Price","1988","1988","022","Compound 15-3-20","Euro per Tonne",""
"AJA05","Fertiliser Price","1988","1988","023","Compound 24-2.2-10","Euro per Tonne",""
"AJA05","Fertiliser Price","1988","1988","024","Compound 24-2.2-4.5","Euro per Tonne",""
"AJA05","Fertiliser Price","1988","1988","026","Compound 19-0-15","Euro per Tonne",""
"AJA05","Fertiliser Price","1988","1988","027","Compound 25-4-0","Euro per Tonne",""
"AJA05","Fertiliser Price","1989","1989","001","Calcium Ammonium Nitrate (27.5% N)","Euro per Tonne","145"
"AJA05","Fertiliser Price","1989","1989","002","Urea (46% N)","Euro per Tonne","189"
"AJA05","Fertiliser Price","1989","1989","004","Granular Superphosphate (16% P)","Euro per Tonne",""
"AJA05","Fertiliser Price","1989","1989","006","Muriate of Potash (50% K)","Euro per Tonne",""
"AJA05","Fertiliser Price","1989","1989","007","Compound 0-10-20","Euro per Tonne","177"
"AJA05","Fertiliser Price","1989","1989","008","Compound 0-7-30","Euro per Tonne","174"
"AJA05","Fertiliser Price","1989","1989","009","Compound 7-6-17","Euro per Tonne",""
"AJA05","Fertiliser Price","1989","1989","010","Compound 10-10-20","Euro per Tonne","209"
"AJA05","Fertiliser Price","1989","1989","011","Compound 14-7-14","Euro per Tonne","199"
"AJA05","Fertiliser Price","1989","1989","012","Compound 18-6-12","Euro per Tonne","196"
"AJA05","Fertiliser Price","1989","1989","013","Compound 24-2.5-10","Euro per Tonne","191"
"AJA05","Fertiliser Price","1989","1989","014","Compound 27-2.5-5","Euro per Tonne","187"
"AJA05","Fertiliser Price","1989","1989","015","Sulphate of Potash (42% K)","Euro per Tonne",""
"AJA05","Fertiliser Price","1989","1989","016","Compound 8-5-18","Euro per Tonne",""
"AJA05","Fertiliser Price","1989","1989","017","Compound 20-4-10","Euro per Tonne",""
"AJA05","Fertiliser Price","1989","1989","018","Sulphate of Ammonia (21%)","Euro per Tonne",""
"AJA05","Fertiliser Price","1989","1989","019","Ammonium Sulphate Nitrate (26%)","Euro per Tonne",""
"AJA05","Fertiliser Price","1989","1989","020","Compound 10-5-25","Euro per Tonne",""
"AJA05","Fertiliser Price","1989","1989","021","Compound 13-6-20","Euro per Tonne",""
"AJA05","Fertiliser Price","1989","1989","022","Compound 15-3-20","Euro per Tonne",""
"AJA05","Fertiliser Price","1989","1989","023","Compound 24-2.2-10","Euro per Tonne",""
"AJA05","Fertiliser Price","1989","1989","024","Compound 24-2.2-4.5","Euro per Tonne",""
"AJA05","Fertiliser Price","1989","1989","026","Compound 19-0-15","Euro per Tonne",""
"AJA05","Fertiliser Price","1989","1989","027","Compound 25-4-0","Euro per Tonne",""
"AJA05","Fertiliser Price","1990","1990","001","Calcium Ammonium Nitrate (27.5% N)","Euro per Tonne","143"
"AJA05","Fertiliser Price","1990","1990","002","Urea (46% N)","Euro per Tonne","178"
"AJA05","Fertiliser Price","1990","1990","004","Granular Superphosphate (16% P)","Euro per Tonne","246"
"AJA05","Fertiliser Price","1990","1990","006","Muriate of Potash (50% K)","Euro per Tonne","193"
"AJA05","Fertiliser Price","1990","1990","007","Compound 0-10-20","Euro per Tonne","174"
"AJA05","Fertiliser Price","1990","1990","008","Compound 0-7-30","Euro per Tonne","172"
"AJA05","Fertiliser Price","1990","1990","009","Compound 7-6-17","Euro per Tonne",""
"AJA05","Fertiliser Price","1990","1990","010","Compound 10-10-20","Euro per Tonne","210"
"AJA05","Fertiliser Price","1990","1990","011","Compound 14-7-14","Euro per Tonne","199"
"AJA05","Fertiliser Price","1990","1990","012","Compound 18-6-12","Euro per Tonne","196"
"AJA05","Fertiliser Price","1990","1990","013","Compound 24-2.5-10","Euro per Tonne","191"
"AJA05","Fertiliser Price","1990","1990","014","Compound 27-2.5-5","Euro per Tonne","186"
"AJA05","Fertiliser Price","1990","1990","015","Sulphate of Potash (42% K)","Euro per Tonne",""
"AJA05","Fertiliser Price","1990","1990","016","Compound 8-5-18","Euro per Tonne",""
"AJA05","Fertiliser Price","1990","1990","017","Compound 20-4-10","Euro per Tonne",""
"AJA05","Fertiliser Price","1990","1990","018","Sulphate of Ammonia (21%)","Euro per Tonne",""
"AJA05","Fertiliser Price","1990","1990","019","Ammonium Sulphate Nitrate (26%)","Euro per Tonne",""
"AJA05","Fertiliser Price","1990","1990","020","Compound 10-5-25","Euro per Tonne",""
"AJA05","Fertiliser Price","1990","1990","021","Compound 13-6-20","Euro per Tonne",""
"AJA05","Fertiliser Price","1990","1990","022","Compound 15-3-20","Euro per Tonne",""
"AJA05","Fertiliser Price","1990","1990","023","Compound 24-2.2-10","Euro per Tonne",""
"AJA05","Fertiliser Price","1990","1990","024","Compound 24-2.2-4.5","Euro per Tonne",""
"AJA05","Fertiliser Price","1990","1990","026","Compound 19-0-15","Euro per Tonne",""
"AJA05","Fertiliser Price","1990","1990","027","Compound 25-4-0","Euro per Tonne",""
"AJA05","Fertiliser Price","1991","1991","001","Calcium Ammonium Nitrate (27.5% N)","Euro per Tonne","151"
"AJA05","Fertiliser Price","1991","1991","002","Urea (46% N)","Euro per Tonne","199"
"AJA05","Fertiliser Price","1991","1991","004","Granular Superphosphate (16% P)","Euro per Tonne","242"
"AJA05","Fertiliser Price","1991","1991","006","Muriate of Potash (50% K)","Euro per Tonne","194"
"AJA05","Fertiliser Price","1991","1991","007","Compound 0-10-20","Euro per Tonne","165"
"AJA05","Fertiliser Price","1991","1991","008","Compound 0-7-30","Euro per Tonne","162"
"AJA05","Fertiliser Price","1991","1991","009","Compound 7-6-17","Euro per Tonne",""
"AJA05","Fertiliser Price","1991","1991","010","Compound 10-10-20","Euro per Tonne","209"
"AJA05","Fertiliser Price","1991","1991","011","Compound 14-7-14","Euro per Tonne","200"
"AJA05","Fertiliser Price","1991","1991","012","Compound 18-6-12","Euro per Tonne","196"
"AJA05","Fertiliser Price","1991","1991","013","Compound 24-2.5-10","Euro per Tonne","200"
"AJA05","Fertiliser Price","1991","1991","014","Compound 27-2.5-5","Euro per Tonne","195"
"AJA05","Fertiliser Price","1991","1991","015","Sulphate of Potash (42% K)","Euro per Tonne",""
"AJA05","Fertiliser Price","1991","1991","016","Compound 8-5-18","Euro per Tonne",""
"AJA05","Fertiliser Price","1991","1991","017","Compound 20-4-10","Euro per Tonne",""
"AJA05","Fertiliser Price","1991","1991","018","Sulphate of Ammonia (21%)","Euro per Tonne",""
"AJA05","Fertiliser Price","1991","1991","019","Ammonium Sulphate Nitrate (26%)","Euro per Tonne",""
"AJA05","Fertiliser Price","1991","1991","020","Compound 10-5-25","Euro per Tonne",""
"AJA05","Fertiliser Price","1991","1991","021","Compound 13-6-20","Euro per Tonne",""
"AJA05","Fertiliser Price","1991","1991","022","Compound 15-3-20","Euro per Tonne",""
"AJA05","Fertiliser Price","1991","1991","023","Compound 24-2.2-10","Euro per Tonne",""
"AJA05","Fertiliser Price","1991","1991","024","Compound 24-2.2-4.5","Euro per Tonne",""
"AJA05","Fertiliser Price","1991","1991","026","Compound 19-0-15","Euro per Tonne",""
"AJA05","Fertiliser Price","1991","1991","027","Compound 25-4-0","Euro per Tonne",""
"AJA05","Fertiliser Price","1992","1992","001","Calcium Ammonium Nitrate (27.5% N)","Euro per Tonne","145"
"AJA05","Fertiliser Price","1992","1992","002","Urea (46% N)","Euro per Tonne","196"
"AJA05","Fertiliser Price","1992","1992","004","Granular Superphosphate (16% P)","Euro per Tonne","240"
"AJA05","Fertiliser Price","1992","1992","006","Muriate of Potash (50% K)","Euro per Tonne","191"
"AJA05","Fertiliser Price","1992","1992","007","Compound 0-10-20","Euro per Tonne","165"
"AJA05","Fertiliser Price","1992","1992","008","Compound 0-7-30","Euro per Tonne","163"
"AJA05","Fertiliser Price","1992","1992","009","Compound 7-6-17","Euro per Tonne","234"
"AJA05","Fertiliser Price","1992","1992","010","Compound 10-10-20","Euro per Tonne","205"
"AJA05","Fertiliser Price","1992","1992","011","Compound 14-7-14","Euro per Tonne","200"
"AJA05","Fertiliser Price","1992","1992","012","Compound 18-6-12","Euro per Tonne","193"
"AJA05","Fertiliser Price","1992","1992","013","Compound 24-2.5-10","Euro per Tonne","197"
"AJA05","Fertiliser Price","1992","1992","014","Compound 27-2.5-5","Euro per Tonne","192"
"AJA05","Fertiliser Price","1992","1992","015","Sulphate of Potash (42% K)","Euro per Tonne",""
"AJA05","Fertiliser Price","1992","1992","016","Compound 8-5-18","Euro per Tonne",""
"AJA05","Fertiliser Price","1992","1992","017","Compound 20-4-10","Euro per Tonne",""
"AJA05","Fertiliser Price","1992","1992","018","Sulphate of Ammonia (21%)","Euro per Tonne",""
"AJA05","Fertiliser Price","1992","1992","019","Ammonium Sulphate Nitrate (26%)","Euro per Tonne",""
"AJA05","Fertiliser Price","1992","1992","020","Compound 10-5-25","Euro per Tonne",""
"AJA05","Fertiliser Price","1992","1992","021","Compound 13-6-20","Euro per Tonne",""
"AJA05","Fertiliser Price","1992","1992","022","Compound 15-3-20","Euro per Tonne",""
"AJA05","Fertiliser Price","1992","1992","023","Compound 24-2.2-10","Euro per Tonne",""
"AJA05","Fertiliser Price","1992","1992","024","Compound 24-2.2-4.5","Euro per Tonne",""
"AJA05","Fertiliser Price","1992","1992","026","Compound 19-0-15","Euro per Tonne",""
"AJA05","Fertiliser Price","1992","1992","027","Compound 25-4-0","Euro per Tonne",""
"AJA05","Fertiliser Price","1993","1993","001","Calcium Ammonium Nitrate (27.5% N)","Euro per Tonne","132"
"AJA05","Fertiliser Price","1993","1993","002","Urea (46% N)","Euro per Tonne","182"
"AJA05","Fertiliser Price","1993","1993","004","Granular Superphosphate (16% P)","Euro per Tonne","233"
"AJA05","Fertiliser Price","1993","1993","006","Muriate of Potash (50% K)","Euro per Tonne","187"
"AJA05","Fertiliser Price","1993","1993","007","Compound 0-10-20","Euro per Tonne","153"
"AJA05","Fertiliser Price","1993","1993","008","Compound 0-7-30","Euro per Tonne","152"
"AJA05","Fertiliser Price","1993","1993","009","Compound 7-6-17","Euro per Tonne","227"
"AJA05","Fertiliser Price","1993","1993","010","Compound 10-10-20","Euro per Tonne","196"
"AJA05","Fertiliser Price","1993","1993","011","Compound 14-7-14","Euro per Tonne","188"
"AJA05","Fertiliser Price","1993","1993","012","Compound 18-6-12","Euro per Tonne","183"
"AJA05","Fertiliser Price","1993","1993","013","Compound 24-2.5-10","Euro per Tonne","186"
"AJA05","Fertiliser Price","1993","1993","014","Compound 27-2.5-5","Euro per Tonne","181"
"AJA05","Fertiliser Price","1993","1993","015","Sulphate of Potash (42% K)","Euro per Tonne",""
"AJA05","Fertiliser Price","1993","1993","016","Compound 8-5-18","Euro per Tonne",""
"AJA05","Fertiliser Price","1993","1993","017","Compound 20-4-10","Euro per Tonne",""
"AJA05","Fertiliser Price","1993","1993","018","Sulphate of Ammonia (21%)","Euro per Tonne",""
"AJA05","Fertiliser Price","1993","1993","019","Ammonium Sulphate Nitrate (26%)","Euro per Tonne",""
"AJA05","Fertiliser Price","1993","1993","020","Compound 10-5-25","Euro per Tonne",""
"AJA05","Fertiliser Price","1993","1993","021","Compound 13-6-20","Euro per Tonne",""
"AJA05","Fertiliser Price","1993","1993","022","Compound 15-3-20","Euro per Tonne",""
"AJA05","Fertiliser Price","1993","1993","023","Compound 24-2.2-10","Euro per Tonne",""
"AJA05","Fertiliser Price","1993","1993","024","Compound 24-2.2-4.5","Euro per Tonne",""
"AJA05","Fertiliser Price","1993","1993","026","Compound 19-0-15","Euro per Tonne",""
"AJA05","Fertiliser Price","1993","1993","027","Compound 25-4-0","Euro per Tonne",""
"AJA05","Fertiliser Price","1994","1994","001","Calcium Ammonium Nitrate (27.5% N)","Euro per Tonne","137"
"AJA05","Fertiliser Price","1994","1994","002","Urea (46% N)","Euro per Tonne","186"
"AJA05","Fertiliser Price","1994","1994","004","Granular Superphosphate (16% P)","Euro per Tonne","239"
"AJA05","Fertiliser Price","1994","1994","006","Muriate of Potash (50% K)","Euro per Tonne","195"
"AJA05","Fertiliser Price","1994","1994","007","Compound 0-10-20","Euro per Tonne","162"
"AJA05","Fertiliser Price","1994","1994","008","Compound 0-7-30","Euro per Tonne","162"
"AJA05","Fertiliser Price","1994","1994","009","Compound 7-6-17","Euro per Tonne",""
"AJA05","Fertiliser Price","1994","1994","010","Compound 10-10-20","Euro per Tonne","200"
"AJA05","Fertiliser Price","1994","1994","011","Compound 14-7-14","Euro per Tonne","192"
"AJA05","Fertiliser Price","1994","1994","012","Compound 18-6-12","Euro per Tonne","187"
"AJA05","Fertiliser Price","1994","1994","013","Compound 24-2.5-10","Euro per Tonne","189"
"AJA05","Fertiliser Price","1994","1994","014","Compound 27-2.5-5","Euro per Tonne","185"
"AJA05","Fertiliser Price","1994","1994","015","Sulphate of Potash (42% K)","Euro per Tonne",""
"AJA05","Fertiliser Price","1994","1994","016","Compound 8-5-18","Euro per Tonne",""
"AJA05","Fertiliser Price","1994","1994","017","Compound 20-4-10","Euro per Tonne",""
"AJA05","Fertiliser Price","1994","1994","018","Sulphate of Ammonia (21%)","Euro per Tonne",""
"AJA05","Fertiliser Price","1994","1994","019","Ammonium Sulphate Nitrate (26%)","Euro per Tonne",""
"AJA05","Fertiliser Price","1994","1994","020","Compound 10-5-25","Euro per Tonne",""
"AJA05","Fertiliser Price","1994","1994","021","Compound 13-6-20","Euro per Tonne",""
"AJA05","Fertiliser Price","1994","1994","022","Compound 15-3-20","Euro per Tonne",""
"AJA05","Fertiliser Price","1994","1994","023","Compound 24-2.2-10","Euro per Tonne",""
"AJA05","Fertiliser Price","1994","1994","024","Compound 24-2.2-4.5","Euro per Tonne",""
"AJA05","Fertiliser Price","1994","1994","026","Compound 19-0-15","Euro per Tonne",""
"AJA05","Fertiliser Price","1994","1994","027","Compound 25-4-0","Euro per Tonne",""
"AJA05","Fertiliser Price","1995","1995","001","Calcium Ammonium Nitrate (27.5% N)","Euro per Tonne","155"
"AJA05","Fertiliser Price","1995","1995","002","Urea (46% N)","Euro per Tonne","201"
"AJA05","Fertiliser Price","1995","1995","004","Granular Superphosphate (16% P)","Euro per Tonne","249"
"AJA05","Fertiliser Price","1995","1995","006","Muriate of Potash (50% K)","Euro per Tonne","206"
"AJA05","Fertiliser Price","1995","1995","007","Compound 0-10-20","Euro per Tonne","173"
"AJA05","Fertiliser Price","1995","1995","008","Compound 0-7-30","Euro per Tonne","173"
"AJA05","Fertiliser Price","1995","1995","009","Compound 7-6-17","Euro per Tonne",""
"AJA05","Fertiliser Price","1995","1995","010","Compound 10-10-20","Euro per Tonne","219"
"AJA05","Fertiliser Price","1995","1995","011","Compound 14-7-14","Euro per Tonne","210"
"AJA05","Fertiliser Price","1995","1995","012","Compound 18-6-12","Euro per Tonne","207"
"AJA05","Fertiliser Price","1995","1995","013","Compound 24-2.5-10","Euro per Tonne","202"
"AJA05","Fertiliser Price","1995","1995","014","Compound 27-2.5-5","Euro per Tonne","199"
"AJA05","Fertiliser Price","1995","1995","015","Sulphate of Potash (42% K)","Euro per Tonne",""
"AJA05","Fertiliser Price","1995","1995","016","Compound 8-5-18","Euro per Tonne",""
"AJA05","Fertiliser Price","1995","1995","017","Compound 20-4-10","Euro per Tonne",""
"AJA05","Fertiliser Price","1995","1995","018","Sulphate of Ammonia (21%)","Euro per Tonne",""
"AJA05","Fertiliser Price","1995","1995","019","Ammonium Sulphate Nitrate (26%)","Euro per Tonne",""
"AJA05","Fertiliser Price","1995","1995","020","Compound 10-5-25","Euro per Tonne",""
"AJA05","Fertiliser Price","1995","1995","021","Compound 13-6-20","Euro per Tonne",""
"AJA05","Fertiliser Price","1995","1995","022","Compound 15-3-20","Euro per Tonne",""
"AJA05","Fertiliser Price","1995","1995","023","Compound 24-2.2-10","Euro per Tonne",""
"AJA05","Fertiliser Price","1995","1995","024","Compound 24-2.2-4.5","Euro per Tonne",""
"AJA05","Fertiliser Price","1995","1995","026","Compound 19-0-15","Euro per Tonne",""
"AJA05","Fertiliser Price","1995","1995","027","Compound 25-4-0","Euro per Tonne",""
"AJA05","Fertiliser Price","1996","1996","001","Calcium Ammonium Nitrate (27.5% N)","Euro per Tonne","163"
"AJA05","Fertiliser Price","1996","1996","002","Urea (46% N)","Euro per Tonne","217"
"AJA05","Fertiliser Price","1996","1996","004","Granular Superphosphate (16% P)","Euro per Tonne","256"
"AJA05","Fertiliser Price","1996","1996","006","Muriate of Potash (50% K)","Euro per Tonne","214"
"AJA05","Fertiliser Price","1996","1996","007","Compound 0-10-20","Euro per Tonne","181"
"AJA05","Fertiliser Price","1996","1996","008","Compound 0-7-30","Euro per Tonne","181"
"AJA05","Fertiliser Price","1996","1996","009","Compound 7-6-17","Euro per Tonne",""
"AJA05","Fertiliser Price","1996","1996","010","Compound 10-10-20","Euro per Tonne","229"
"AJA05","Fertiliser Price","1996","1996","011","Compound 14-7-14","Euro per Tonne","220"
"AJA05","Fertiliser Price","1996","1996","012","Compound 18-6-12","Euro per Tonne","216"
"AJA05","Fertiliser Price","1996","1996","013","Compound 24-2.5-10","Euro per Tonne","216"
"AJA05","Fertiliser Price","1996","1996","014","Compound 27-2.5-5","Euro per Tonne","211"
"AJA05","Fertiliser Price","1996","1996","015","Sulphate of Potash (42% K)","Euro per Tonne",""
"AJA05","Fertiliser Price","1996","1996","016","Compound 8-5-18","Euro per Tonne",""
"AJA05","Fertiliser Price","1996","1996","017","Compound 20-4-10","Euro per Tonne",""
"AJA05","Fertiliser Price","1996","1996","018","Sulphate of Ammonia (21%)","Euro per Tonne",""
"AJA05","Fertiliser Price","1996","1996","019","Ammonium Sulphate Nitrate (26%)","Euro per Tonne",""
"AJA05","Fertiliser Price","1996","1996","020","Compound 10-5-25","Euro per Tonne",""
"AJA05","Fertiliser Price","1996","1996","021","Compound 13-6-20","Euro per Tonne",""
"AJA05","Fertiliser Price","1996","1996","022","Compound 15-3-20","Euro per Tonne",""
"AJA05","Fertiliser Price","1996","1996","023","Compound 24-2.2-10","Euro per Tonne",""
"AJA05","Fertiliser Price","1996","1996","024","Compound 24-2.2-4.5","Euro per Tonne",""
"AJA05","Fertiliser Price","1996","1996","026","Compound 19-0-15","Euro per Tonne",""
"AJA05","Fertiliser Price","1996","1996","027","Compound 25-4-0","Euro per Tonne",""
"AJA05","Fertiliser Price","1997","1997","001","Calcium Ammonium Nitrate (27.5% N)","Euro per Tonne","150"
"AJA05","Fertiliser Price","1997","1997","002","Urea (46% N)","Euro per Tonne","208"
"AJA05","Fertiliser Price","1997","1997","004","Granular Superphosphate (16% P)","Euro per Tonne","253"
"AJA05","Fertiliser Price","1997","1997","006","Muriate of Potash (50% K)","Euro per Tonne","211"
"AJA05","Fertiliser Price","1997","1997","007","Compound 0-10-20","Euro per Tonne","173"
"AJA05","Fertiliser Price","1997","1997","008","Compound 0-7-30","Euro per Tonne","173"
"AJA05","Fertiliser Price","1997","1997","009","Compound 7-6-17","Euro per Tonne",""
"AJA05","Fertiliser Price","1997","1997","010","Compound 10-10-20","Euro per Tonne","218"
"AJA05","Fertiliser Price","1997","1997","011","Compound 14-7-14","Euro per Tonne","211"
"AJA05","Fertiliser Price","1997","1997","012","Compound 18-6-12","Euro per Tonne","205"
"AJA05","Fertiliser Price","1997","1997","013","Compound 24-2.5-10","Euro per Tonne","205"
"AJA05","Fertiliser Price","1997","1997","014","Compound 27-2.5-5","Euro per Tonne","201"
"AJA05","Fertiliser Price","1997","1997","015","Sulphate of Potash (42% K)","Euro per Tonne",""
"AJA05","Fertiliser Price","1997","1997","016","Compound 8-5-18","Euro per Tonne",""
"AJA05","Fertiliser Price","1997","1997","017","Compound 20-4-10","Euro per Tonne",""
"AJA05","Fertiliser Price","1997","1997","018","Sulphate of Ammonia (21%)","Euro per Tonne",""
"AJA05","Fertiliser Price","1997","1997","019","Ammonium Sulphate Nitrate (26%)","Euro per Tonne",""
"AJA05","Fertiliser Price","1997","1997","020","Compound 10-5-25","Euro per Tonne",""
"AJA05","Fertiliser Price","1997","1997","021","Compound 13-6-20","Euro per Tonne",""
"AJA05","Fertiliser Price","1997","1997","022","Compound 15-3-20","Euro per Tonne",""
"AJA05","Fertiliser Price","1997","1997","023","Compound 24-2.2-10","Euro per Tonne",""
"AJA05","Fertiliser Price","1997","1997","024","Compound 24-2.2-4.5","Euro per Tonne",""
"AJA05","Fertiliser Price","1997","1997","026","Compound 19-0-15","Euro per Tonne",""
"AJA05","Fertiliser Price","1997","1997","027","Compound 25-4-0","Euro per Tonne",""
"AJA05","Fertiliser Price","1998","1998","001","Calcium Ammonium Nitrate (27.5% N)","Euro per Tonne","139"
"AJA05","Fertiliser Price","1998","1998","002","Urea (46% N)","Euro per Tonne","193"
"AJA05","Fertiliser Price","1998","1998","004","Granular Superphosphate (16% P)","Euro per Tonne","252"
"AJA05","Fertiliser Price","1998","1998","006","Muriate of Potash (50% K)","Euro per Tonne","209"
"AJA05","Fertiliser Price","1998","1998","007","Compound 0-10-20","Euro per Tonne","170"
"AJA05","Fertiliser Price","1998","1998","008","Compound 0-7-30","Euro per Tonne","170"
"AJA05","Fertiliser Price","1998","1998","009","Compound 7-6-17","Euro per Tonne",""
"AJA05","Fertiliser Price","1998","1998","010","Compound 10-10-20","Euro per Tonne","213"
"AJA05","Fertiliser Price","1998","1998","011","Compound 14-7-14","Euro per Tonne","199"
"AJA05","Fertiliser Price","1998","1998","012","Compound 18-6-12","Euro per Tonne","197"
"AJA05","Fertiliser Price","1998","1998","013","Compound 24-2.5-10","Euro per Tonne","195"
"AJA05","Fertiliser Price","1998","1998","014","Compound 27-2.5-5","Euro per Tonne","191"
"AJA05","Fertiliser Price","1998","1998","015","Sulphate of Potash (42% K)","Euro per Tonne",""
"AJA05","Fertiliser Price","1998","1998","016","Compound 8-5-18","Euro per Tonne",""
"AJA05","Fertiliser Price","1998","1998","017","Compound 20-4-10","Euro per Tonne",""
"AJA05","Fertiliser Price","1998","1998","018","Sulphate of Ammonia (21%)","Euro per Tonne",""
"AJA05","Fertiliser Price","1998","1998","019","Ammonium Sulphate Nitrate (26%)","Euro per Tonne",""
"AJA05","Fertiliser Price","1998","1998","020","Compound 10-5-25","Euro per Tonne",""
"AJA05","Fertiliser Price","1998","1998","021","Compound 13-6-20","Euro per Tonne",""
"AJA05","Fertiliser Price","1998","1998","022","Compound 15-3-20","Euro per Tonne",""
"AJA05","Fertiliser Price","1998","1998","023","Compound 24-2.2-10","Euro per Tonne",""
"AJA05","Fertiliser Price","1998","1998","024","Compound 24-2.2-4.5","Euro per Tonne",""
"AJA05","Fertiliser Price","1998","1998","026","Compound 19-0-15","Euro per Tonne",""
"AJA05","Fertiliser Price","1998","1998","027","Compound 25-4-0","Euro per Tonne",""
"AJA05","Fertiliser Price","1999","1999","001","Calcium Ammonium Nitrate (27.5% N)","Euro per Tonne","143"
"AJA05","Fertiliser Price","1999","1999","002","Urea (46% N)","Euro per Tonne","189"
"AJA05","Fertiliser Price","1999","1999","004","Granular Superphosphate (16% P)","Euro per Tonne","261"
"AJA05","Fertiliser Price","1999","1999","006","Muriate of Potash (50% K)","Euro per Tonne","209"
"AJA05","Fertiliser Price","1999","1999","007","Compound 0-10-20","Euro per Tonne","187"
"AJA05","Fertiliser Price","1999","1999","008","Compound 0-7-30","Euro per Tonne","186"
"AJA05","Fertiliser Price","1999","1999","009","Compound 7-6-17","Euro per Tonne",""
"AJA05","Fertiliser Price","1999","1999","010","Compound 10-10-20","Euro per Tonne","216"
"AJA05","Fertiliser Price","1999","1999","011","Compound 14-7-14","Euro per Tonne","200"
"AJA05","Fertiliser Price","1999","1999","012","Compound 18-6-12","Euro per Tonne","198"
"AJA05","Fertiliser Price","1999","1999","013","Compound 24-2.5-10","Euro per Tonne","198"
"AJA05","Fertiliser Price","1999","1999","014","Compound 27-2.5-5","Euro per Tonne","193"
"AJA05","Fertiliser Price","1999","1999","015","Sulphate of Potash (42% K)","Euro per Tonne",""
"AJA05","Fertiliser Price","1999","1999","016","Compound 8-5-18","Euro per Tonne",""
"AJA05","Fertiliser Price","1999","1999","017","Compound 20-4-10","Euro per Tonne",""
"AJA05","Fertiliser Price","1999","1999","018","Sulphate of Ammonia (21%)","Euro per Tonne",""
"AJA05","Fertiliser Price","1999","1999","019","Ammonium Sulphate Nitrate (26%)","Euro per Tonne",""
"AJA05","Fertiliser Price","1999","1999","020","Compound 10-5-25","Euro per Tonne",""
"AJA05","Fertiliser Price","1999","1999","021","Compound 13-6-20","Euro per Tonne",""
"AJA05","Fertiliser Price","1999","1999","022","Compound 15-3-20","Euro per Tonne",""
"AJA05","Fertiliser Price","1999","1999","023","Compound 24-2.2-10","Euro per Tonne",""
"AJA05","Fertiliser Price","1999","1999","024","Compound 24-2.2-4.5","Euro per Tonne",""
"AJA05","Fertiliser Price","1999","1999","026","Compound 19-0-15","Euro per Tonne",""
"AJA05","Fertiliser Price","1999","1999","027","Compound 25-4-0","Euro per Tonne",""
"AJA05","Fertiliser Price","2000","2000","001","Calcium Ammonium Nitrate (27.5% N)","Euro per Tonne","164"
"AJA05","Fertiliser Price","2000","2000","002","Urea (46% N)","Euro per Tonne","201"
"AJA05","Fertiliser Price","2000","2000","004","Granular Superphosphate (16% P)","Euro per Tonne","268"
"AJA05","Fertiliser Price","2000","2000","006","Muriate of Potash (50% K)","Euro per Tonne","217"
"AJA05","Fertiliser Price","2000","2000","007","Compound 0-10-20","Euro per Tonne","192"
"AJA05","Fertiliser Price","2000","2000","008","Compound 0-7-30","Euro per Tonne","192"
"AJA05","Fertiliser Price","2000","2000","009","Compound 7-6-17","Euro per Tonne",""
"AJA05","Fertiliser Price","2000","2000","010","Compound 10-10-20","Euro per Tonne","223"
"AJA05","Fertiliser Price","2000","2000","011","Compound 14-7-14","Euro per Tonne","207"
"AJA05","Fertiliser Price","2000","2000","012","Compound 18-6-12","Euro per Tonne","205"
"AJA05","Fertiliser Price","2000","2000","013","Compound 24-2.5-10","Euro per Tonne","206"
"AJA05","Fertiliser Price","2000","2000","014","Compound 27-2.5-5","Euro per Tonne","203"
"AJA05","Fertiliser Price","2000","2000","015","Sulphate of Potash (42% K)","Euro per Tonne",""
"AJA05","Fertiliser Price","2000","2000","016","Compound 8-5-18","Euro per Tonne",""
"AJA05","Fertiliser Price","2000","2000","017","Compound 20-4-10","Euro per Tonne",""
"AJA05","Fertiliser Price","2000","2000","018","Sulphate of Ammonia (21%)","Euro per Tonne",""
"AJA05","Fertiliser Price","2000","2000","019","Ammonium Sulphate Nitrate (26%)","Euro per Tonne",""
"AJA05","Fertiliser Price","2000","2000","020","Compound 10-5-25","Euro per Tonne",""
"AJA05","Fertiliser Price","2000","2000","021","Compound 13-6-20","Euro per Tonne",""
"AJA05","Fertiliser Price","2000","2000","022","Compound 15-3-20","Euro per Tonne",""
"AJA05","Fertiliser Price","2000","2000","023","Compound 24-2.2-10","Euro per Tonne",""
"AJA05","Fertiliser Price","2000","2000","024","Compound 24-2.2-4.5","Euro per Tonne",""
"AJA05","Fertiliser Price","2000","2000","026","Compound 19-0-15","Euro per Tonne",""
"AJA05","Fertiliser Price","2000","2000","027","Compound 25-4-0","Euro per Tonne",""
"AJA05","Fertiliser Price","2001","2001","001","Calcium Ammonium Nitrate (27.5% N)","Euro per Tonne","193"
"AJA05","Fertiliser Price","2001","2001","002","Urea (46% N)","Euro per Tonne","241"
"AJA05","Fertiliser Price","2001","2001","004","Granular Superphosphate (16% P)","Euro per Tonne","272"
"AJA05","Fertiliser Price","2001","2001","006","Muriate of Potash (50% K)","Euro per Tonne","225"
"AJA05","Fertiliser Price","2001","2001","007","Compound 0-10-20","Euro per Tonne","204"
"AJA05","Fertiliser Price","2001","2001","008","Compound 0-7-30","Euro per Tonne","204"
"AJA05","Fertiliser Price","2001","2001","009","Compound 7-6-17","Euro per Tonne",""
"AJA05","Fertiliser Price","2001","2001","010","Compound 10-10-20","Euro per Tonne","249"
"AJA05","Fertiliser Price","2001","2001","011","Compound 14-7-14","Euro per Tonne","237"
"AJA05","Fertiliser Price","2001","2001","012","Compound 18-6-12","Euro per Tonne","236"
"AJA05","Fertiliser Price","2001","2001","013","Compound 24-2.5-10","Euro per Tonne","238"
"AJA05","Fertiliser Price","2001","2001","014","Compound 27-2.5-5","Euro per Tonne","235"
"AJA05","Fertiliser Price","2001","2001","015","Sulphate of Potash (42% K)","Euro per Tonne",""
"AJA05","Fertiliser Price","2001","2001","016","Compound 8-5-18","Euro per Tonne",""
"AJA05","Fertiliser Price","2001","2001","017","Compound 20-4-10","Euro per Tonne",""
"AJA05","Fertiliser Price","2001","2001","018","Sulphate of Ammonia (21%)","Euro per Tonne",""
"AJA05","Fertiliser Price","2001","2001","019","Ammonium Sulphate Nitrate (26%)","Euro per Tonne",""
"AJA05","Fertiliser Price","2001","2001","020","Compound 10-5-25","Euro per Tonne",""
"AJA05","Fertiliser Price","2001","2001","021","Compound 13-6-20","Euro per Tonne",""
"AJA05","Fertiliser Price","2001","2001","022","Compound 15-3-20","Euro per Tonne",""
"AJA05","Fertiliser Price","2001","2001","023","Compound 24-2.2-10","Euro per Tonne",""
"AJA05","Fertiliser Price","2001","2001","024","Compound 24-2.2-4.5","Euro per Tonne",""
"AJA05","Fertiliser Price","2001","2001","026","Compound 19-0-15","Euro per Tonne",""
"AJA05","Fertiliser Price","2001","2001","027","Compound 25-4-0","Euro per Tonne",""
"AJA05","Fertiliser Price","2002","2002","001","Calcium Ammonium Nitrate (27.5% N)","Euro per Tonne","188"
"AJA05","Fertiliser Price","2002","2002","002","Urea (46% N)","Euro per Tonne","235"
"AJA05","Fertiliser Price","2002","2002","004","Granular Superphosphate (16% P)","Euro per Tonne","268"
"AJA05","Fertiliser Price","2002","2002","006","Muriate of Potash (50% K)","Euro per Tonne","222"
"AJA05","Fertiliser Price","2002","2002","007","Compound 0-10-20","Euro per Tonne","201"
"AJA05","Fertiliser Price","2002","2002","008","Compound 0-7-30","Euro per Tonne","201"
"AJA05","Fertiliser Price","2002","2002","009","Compound 7-6-17","Euro per Tonne",""
"AJA05","Fertiliser Price","2002","2002","010","Compound 10-10-20","Euro per Tonne","244"
"AJA05","Fertiliser Price","2002","2002","011","Compound 14-7-14","Euro per Tonne","236"
"AJA05","Fertiliser Price","2002","2002","012","Compound 18-6-12","Euro per Tonne","231"
"AJA05","Fertiliser Price","2002","2002","013","Compound 24-2.5-10","Euro per Tonne","233"
"AJA05","Fertiliser Price","2002","2002","014","Compound 27-2.5-5","Euro per Tonne","229"
"AJA05","Fertiliser Price","2002","2002","015","Sulphate of Potash (42% K)","Euro per Tonne",""
"AJA05","Fertiliser Price","2002","2002","016","Compound 8-5-18","Euro per Tonne",""
"AJA05","Fertiliser Price","2002","2002","017","Compound 20-4-10","Euro per Tonne",""
"AJA05","Fertiliser Price","2002","2002","018","Sulphate of Ammonia (21%)","Euro per Tonne",""
"AJA05","Fertiliser Price","2002","2002","019","Ammonium Sulphate Nitrate (26%)","Euro per Tonne",""
"AJA05","Fertiliser Price","2002","2002","020","Compound 10-5-25","Euro per Tonne",""
"AJA05","Fertiliser Price","2002","2002","021","Compound 13-6-20","Euro per Tonne",""
"AJA05","Fertiliser Price","2002","2002","022","Compound 15-3-20","Euro per Tonne",""
"AJA05","Fertiliser Price","2002","2002","023","Compound 24-2.2-10","Euro per Tonne",""
"AJA05","Fertiliser Price","2002","2002","024","Compound 24-2.2-4.5","Euro per Tonne",""
"AJA05","Fertiliser Price","2002","2002","026","Compound 19-0-15","Euro per Tonne",""
"AJA05","Fertiliser Price","2002","2002","027","Compound 25-4-0","Euro per Tonne",""
"AJA05","Fertiliser Price","2003","2003","001","Calcium Ammonium Nitrate (27.5% N)","Euro per Tonne","191"
"AJA05","Fertiliser Price","2003","2003","002","Urea (46% N)","Euro per Tonne","240"
"AJA05","Fertiliser Price","2003","2003","004","Granular Superphosphate (16% P)","Euro per Tonne","268"
"AJA05","Fertiliser Price","2003","2003","006","Muriate of Potash (50% K)","Euro per Tonne","232"
"AJA05","Fertiliser Price","2003","2003","007","Compound 0-10-20","Euro per Tonne","206"
"AJA05","Fertiliser Price","2003","2003","008","Compound 0-7-30","Euro per Tonne","206"
"AJA05","Fertiliser Price","2003","2003","009","Compound 7-6-17","Euro per Tonne",""
"AJA05","Fertiliser Price","2003","2003","010","Compound 10-10-20","Euro per Tonne","249"
"AJA05","Fertiliser Price","2003","2003","011","Compound 14-7-14","Euro per Tonne","239"
"AJA05","Fertiliser Price","2003","2003","012","Compound 18-6-12","Euro per Tonne","236"
"AJA05","Fertiliser Price","2003","2003","013","Compound 24-2.5-10","Euro per Tonne","238"
"AJA05","Fertiliser Price","2003","2003","014","Compound 27-2.5-5","Euro per Tonne","234"
"AJA05","Fertiliser Price","2003","2003","015","Sulphate of Potash (42% K)","Euro per Tonne",""
"AJA05","Fertiliser Price","2003","2003","016","Compound 8-5-18","Euro per Tonne",""
"AJA05","Fertiliser Price","2003","2003","017","Compound 20-4-10","Euro per Tonne",""
"AJA05","Fertiliser Price","2003","2003","018","Sulphate of Ammonia (21%)","Euro per Tonne",""
"AJA05","Fertiliser Price","2003","2003","019","Ammonium Sulphate Nitrate (26%)","Euro per Tonne",""
"AJA05","Fertiliser Price","2003","2003","020","Compound 10-5-25","Euro per Tonne",""
"AJA05","Fertiliser Price","2003","2003","021","Compound 13-6-20","Euro per Tonne",""
"AJA05","Fertiliser Price","2003","2003","022","Compound 15-3-20","Euro per Tonne",""
"AJA05","Fertiliser Price","2003","2003","023","Compound 24-2.2-10","Euro per Tonne",""
"AJA05","Fertiliser Price","2003","2003","024","Compound 24-2.2-4.5","Euro per Tonne",""
"AJA05","Fertiliser Price","2003","2003","026","Compound 19-0-15","Euro per Tonne",""
"AJA05","Fertiliser Price","2003","2003","027","Compound 25-4-0","Euro per Tonne",""
"AJA05","Fertiliser Price","2004","2004","001","Calcium Ammonium Nitrate (27.5% N)","Euro per Tonne","201"
"AJA05","Fertiliser Price","2004","2004","002","Urea (46% N)","Euro per Tonne","261"
"AJA05","Fertiliser Price","2004","2004","004","Granular Superphosphate (16% P)","Euro per Tonne","275"
"AJA05","Fertiliser Price","2004","2004","006","Muriate of Potash (50% K)","Euro per Tonne","231"
"AJA05","Fertiliser Price","2004","2004","007","Compound 0-10-20","Euro per Tonne","208"
"AJA05","Fertiliser Price","2004","2004","008","Compound 0-7-30","Euro per Tonne","208"
"AJA05","Fertiliser Price","2004","2004","009","Compound 7-6-17","Euro per Tonne",""
"AJA05","Fertiliser Price","2004","2004","010","Compound 10-10-20","Euro per Tonne","253"
"AJA05","Fertiliser Price","2004","2004","011","Compound 14-7-14","Euro per Tonne","246"
"AJA05","Fertiliser Price","2004","2004","012","Compound 18-6-12","Euro per Tonne","240"
"AJA05","Fertiliser Price","2004","2004","013","Compound 24-2.5-10","Euro per Tonne","241"
"AJA05","Fertiliser Price","2004","2004","014","Compound 27-2.5-5","Euro per Tonne","238"
"AJA05","Fertiliser Price","2004","2004","015","Sulphate of Potash (42% K)","Euro per Tonne",""
"AJA05","Fertiliser Price","2004","2004","016","Compound 8-5-18","Euro per Tonne",""
"AJA05","Fertiliser Price","2004","2004","017","Compound 20-4-10","Euro per Tonne",""
"AJA05","Fertiliser Price","2004","2004","018","Sulphate of Ammonia (21%)","Euro per Tonne",""
"AJA05","Fertiliser Price","2004","2004","019","Ammonium Sulphate Nitrate (26%)","Euro per Tonne",""
"AJA05","Fertiliser Price","2004","2004","020","Compound 10-5-25","Euro per Tonne",""
"AJA05","Fertiliser Price","2004","2004","021","Compound 13-6-20","Euro per Tonne",""
"AJA05","Fertiliser Price","2004","2004","022","Compound 15-3-20","Euro per Tonne",""
"AJA05","Fertiliser Price","2004","2004","023","Compound 24-2.2-10","Euro per Tonne",""
"AJA05","Fertiliser Price","2004","2004","024","Compound 24-2.2-4.5","Euro per Tonne",""
"AJA05","Fertiliser Price","2004","2004","026","Compound 19-0-15","Euro per Tonne",""
"AJA05","Fertiliser Price","2004","2004","027","Compound 25-4-0","Euro per Tonne",""
"AJA05","Fertiliser Price","2005","2005","001","Calcium Ammonium Nitrate (27.5% N)","Euro per Tonne","218"
"AJA05","Fertiliser Price","2005","2005","002","Urea (46% N)","Euro per Tonne","288"
"AJA05","Fertiliser Price","2005","2005","004","Granular Superphosphate (16% P)","Euro per Tonne","278"
"AJA05","Fertiliser Price","2005","2005","006","Muriate of Potash (50% K)","Euro per Tonne","230"
"AJA05","Fertiliser Price","2005","2005","007","Compound 0-10-20","Euro per Tonne","214"
"AJA05","Fertiliser Price","2005","2005","008","Compound 0-7-30","Euro per Tonne","213"
"AJA05","Fertiliser Price","2005","2005","009","Compound 7-6-17","Euro per Tonne",""
"AJA05","Fertiliser Price","2005","2005","010","Compound 10-10-20","Euro per Tonne","269"
"AJA05","Fertiliser Price","2005","2005","011","Compound 14-7-14","Euro per Tonne","259"
"AJA05","Fertiliser Price","2005","2005","012","Compound 18-6-12","Euro per Tonne","255"
"AJA05","Fertiliser Price","2005","2005","013","Compound 24-2.5-10","Euro per Tonne","258"
"AJA05","Fertiliser Price","2005","2005","014","Compound 27-2.5-5","Euro per Tonne","254"
"AJA05","Fertiliser Price","2005","2005","015","Sulphate of Potash (42% K)","Euro per Tonne",""
"AJA05","Fertiliser Price","2005","2005","016","Compound 8-5-18","Euro per Tonne",""
"AJA05","Fertiliser Price","2005","2005","017","Compound 20-4-10","Euro per Tonne",""
"AJA05","Fertiliser Price","2005","2005","018","Sulphate of Ammonia (21%)","Euro per Tonne",""
"AJA05","Fertiliser Price","2005","2005","019","Ammonium Sulphate Nitrate (26%)","Euro per Tonne",""
"AJA05","Fertiliser Price","2005","2005","020","Compound 10-5-25","Euro per Tonne",""
"AJA05","Fertiliser Price","2005","2005","021","Compound 13-6-20","Euro per Tonne",""
"AJA05","Fertiliser Price","2005","2005","022","Compound 15-3-20","Euro per Tonne",""
"AJA05","Fertiliser Price","2005","2005","023","Compound 24-2.2-10","Euro per Tonne",""
"AJA05","Fertiliser Price","2005","2005","024","Compound 24-2.2-4.5","Euro per Tonne",""
"AJA05","Fertiliser Price","2005","2005","026","Compound 19-0-15","Euro per Tonne",""
"AJA05","Fertiliser Price","2005","2005","027","Compound 25-4-0","Euro per Tonne",""
"AJA05","Fertiliser Price","2006","2006","001","Calcium Ammonium Nitrate (27.5% N)","Euro per Tonne","227"
"AJA05","Fertiliser Price","2006","2006","002","Urea (46% N)","Euro per Tonne","310"
"AJA05","Fertiliser Price","2006","2006","004","Granular Superphosphate (16% P)","Euro per Tonne","286"
"AJA05","Fertiliser Price","2006","2006","006","Muriate of Potash (50% K)","Euro per Tonne","247"
"AJA05","Fertiliser Price","2006","2006","007","Compound 0-10-20","Euro per Tonne","226"
"AJA05","Fertiliser Price","2006","2006","008","Compound 0-7-30","Euro per Tonne","225"
"AJA05","Fertiliser Price","2006","2006","009","Compound 7-6-17","Euro per Tonne",""
"AJA05","Fertiliser Price","2006","2006","010","Compound 10-10-20","Euro per Tonne","283"
"AJA05","Fertiliser Price","2006","2006","011","Compound 14-7-14","Euro per Tonne","276"
"AJA05","Fertiliser Price","2006","2006","012","Compound 18-6-12","Euro per Tonne","271"
"AJA05","Fertiliser Price","2006","2006","013","Compound 24-2.5-10","Euro per Tonne","274"
"AJA05","Fertiliser Price","2006","2006","014","Compound 27-2.5-5","Euro per Tonne","272"
"AJA05","Fertiliser Price","2006","2006","015","Sulphate of Potash (42% K)","Euro per Tonne",""
"AJA05","Fertiliser Price","2006","2006","016","Compound 8-5-18","Euro per Tonne",""
"AJA05","Fertiliser Price","2006","2006","017","Compound 20-4-10","Euro per Tonne",""
"AJA05","Fertiliser Price","2006","2006","018","Sulphate of Ammonia (21%)","Euro per Tonne",""
"AJA05","Fertiliser Price","2006","2006","019","Ammonium Sulphate Nitrate (26%)","Euro per Tonne",""
"AJA05","Fertiliser Price","2006","2006","020","Compound 10-5-25","Euro per Tonne",""
"AJA05","Fertiliser Price","2006","2006","021","Compound 13-6-20","Euro per Tonne",""
"AJA05","Fertiliser Price","2006","2006","022","Compound 15-3-20","Euro per Tonne",""
"AJA05","Fertiliser Price","2006","2006","023","Compound 24-2.2-10","Euro per Tonne",""
"AJA05","Fertiliser Price","2006","2006","024","Compound 24-2.2-4.5","Euro per Tonne",""
"AJA05","Fertiliser Price","2006","2006","026","Compound 19-0-15","Euro per Tonne",""
"AJA05","Fertiliser Price","2006","2006","027","Compound 25-4-0","Euro per Tonne",""
"AJA05","Fertiliser Price","2007","2007","001","Calcium Ammonium Nitrate (27.5% N)","Euro per Tonne","234"
"AJA05","Fertiliser Price","2007","2007","002","Urea (46% N)","Euro per Tonne","313"
"AJA05","Fertiliser Price","2007","2007","004","Granular Superphosphate (16% P)","Euro per Tonne","."
"AJA05","Fertiliser Price","2007","2007","006","Muriate of Potash (50% K)","Euro per Tonne","265"
"AJA05","Fertiliser Price","2007","2007","007","Compound 0-10-20","Euro per Tonne","247"
"AJA05","Fertiliser Price","2007","2007","008","Compound 0-7-30","Euro per Tonne","245"
"AJA05","Fertiliser Price","2007","2007","009","Compound 7-6-17","Euro per Tonne","306"
"AJA05","Fertiliser Price","2007","2007","010","Compound 10-10-20","Euro per Tonne","294"
"AJA05","Fertiliser Price","2007","2007","011","Compound 14-7-14","Euro per Tonne","292"
"AJA05","Fertiliser Price","2007","2007","012","Compound 18-6-12","Euro per Tonne","278"
"AJA05","Fertiliser Price","2007","2007","013","Compound 24-2.5-10","Euro per Tonne","281"
"AJA05","Fertiliser Price","2007","2007","014","Compound 27-2.5-5","Euro per Tonne","278"
"AJA05","Fertiliser Price","2007","2007","015","Sulphate of Potash (42% K)","Euro per Tonne","."
"AJA05","Fertiliser Price","2007","2007","016","Compound 8-5-18","Euro per Tonne","284"
"AJA05","Fertiliser Price","2007","2007","017","Compound 20-4-10","Euro per Tonne","268"
"AJA05","Fertiliser Price","2007","2007","018","Sulphate of Ammonia (21%)","Euro per Tonne","."
"AJA05","Fertiliser Price","2007","2007","019","Ammonium Sulphate Nitrate (26%)","Euro per Tonne","."
"AJA05","Fertiliser Price","2007","2007","020","Compound 10-5-25","Euro per Tonne","."
"AJA05","Fertiliser Price","2007","2007","021","Compound 13-6-20","Euro per Tonne","."
"AJA05","Fertiliser Price","2007","2007","022","Compound 15-3-20","Euro per Tonne","."
"AJA05","Fertiliser Price","2007","2007","023","Compound 24-2.2-10","Euro per Tonne","."
"AJA05","Fertiliser Price","2007","2007","024","Compound 24-2.2-4.5","Euro per Tonne","."
"AJA05","Fertiliser Price","2007","2007","026","Compound 19-0-15","Euro per Tonne","."
"AJA05","Fertiliser Price","2007","2007","027","Compound 25-4-0","Euro per Tonne","264"
"AJA05","Fertiliser Price","2008","2008","001","Calcium Ammonium Nitrate (27.5% N)","Euro per Tonne","377"
"AJA05","Fertiliser Price","2008","2008","002","Urea (46% N)","Euro per Tonne","443"
"AJA05","Fertiliser Price","2008","2008","004","Granular Superphosphate (16% P)","Euro per Tonne","."
"AJA05","Fertiliser Price","2008","2008","006","Muriate of Potash (50% K)","Euro per Tonne","507"
"AJA05","Fertiliser Price","2008","2008","007","Compound 0-10-20","Euro per Tonne","496"
"AJA05","Fertiliser Price","2008","2008","008","Compound 0-7-30","Euro per Tonne","493"
"AJA05","Fertiliser Price","2008","2008","009","Compound 7-6-17","Euro per Tonne","504"
"AJA05","Fertiliser Price","2008","2008","010","Compound 10-10-20","Euro per Tonne","526"
"AJA05","Fertiliser Price","2008","2008","011","Compound 14-7-14","Euro per Tonne","495"
"AJA05","Fertiliser Price","2008","2008","012","Compound 18-6-12","Euro per Tonne","483"
"AJA05","Fertiliser Price","2008","2008","013","Compound 24-2.5-10","Euro per Tonne","482"
"AJA05","Fertiliser Price","2008","2008","014","Compound 27-2.5-5","Euro per Tonne","473"
"AJA05","Fertiliser Price","2008","2008","015","Sulphate of Potash (42% K)","Euro per Tonne","746"
"AJA05","Fertiliser Price","2008","2008","016","Compound 8-5-18","Euro per Tonne","494"
"AJA05","Fertiliser Price","2008","2008","017","Compound 20-4-10","Euro per Tonne","476"
"AJA05","Fertiliser Price","2008","2008","018","Sulphate of Ammonia (21%)","Euro per Tonne","."
"AJA05","Fertiliser Price","2008","2008","019","Ammonium Sulphate Nitrate (26%)","Euro per Tonne","."
"AJA05","Fertiliser Price","2008","2008","020","Compound 10-5-25","Euro per Tonne","."
"AJA05","Fertiliser Price","2008","2008","021","Compound 13-6-20","Euro per Tonne","."
"AJA05","Fertiliser Price","2008","2008","022","Compound 15-3-20","Euro per Tonne","."
"AJA05","Fertiliser Price","2008","2008","023","Compound 24-2.2-10","Euro per Tonne","."
"AJA05","Fertiliser Price","2008","2008","024","Compound 24-2.2-4.5","Euro per Tonne","."
"AJA05","Fertiliser Price","2008","2008","026","Compound 19-0-15","Euro per Tonne","."
"AJA05","Fertiliser Price","2008","2008","027","Compound 25-4-0","Euro per Tonne","468"
"AJA05","Fertiliser Price","2009","2009","001","Calcium Ammonium Nitrate (27.5% N)","Euro per Tonne","267"
"AJA05","Fertiliser Price","2009","2009","002","Urea (46% N)","Euro per Tonne","377"
"AJA05","Fertiliser Price","2009","2009","004","Granular Superphosphate (16% P)","Euro per Tonne","."
"AJA05","Fertiliser Price","2009","2009","006","Muriate of Potash (50% K)","Euro per Tonne","644"
"AJA05","Fertiliser Price","2009","2009","007","Compound 0-10-20","Euro per Tonne","492"
"AJA05","Fertiliser Price","2009","2009","008","Compound 0-7-30","Euro per Tonne","527"
"AJA05","Fertiliser Price","2009","2009","009","Compound 7-6-17","Euro per Tonne","526"
"AJA05","Fertiliser Price","2009","2009","010","Compound 10-10-20","Euro per Tonne","472"
"AJA05","Fertiliser Price","2009","2009","011","Compound 14-7-14","Euro per Tonne","430"
"AJA05","Fertiliser Price","2009","2009","012","Compound 18-6-12","Euro per Tonne","399"
"AJA05","Fertiliser Price","2009","2009","013","Compound 24-2.5-10","Euro per Tonne","399"
"AJA05","Fertiliser Price","2009","2009","014","Compound 27-2.5-5","Euro per Tonne","389"
"AJA05","Fertiliser Price","2009","2009","015","Sulphate of Potash (42% K)","Euro per Tonne","794"
"AJA05","Fertiliser Price","2009","2009","016","Compound 8-5-18","Euro per Tonne","430"
"AJA05","Fertiliser Price","2009","2009","017","Compound 20-4-10","Euro per Tonne","398"
"AJA05","Fertiliser Price","2009","2009","018","Sulphate of Ammonia (21%)","Euro per Tonne","."
"AJA05","Fertiliser Price","2009","2009","019","Ammonium Sulphate Nitrate (26%)","Euro per Tonne","."
"AJA05","Fertiliser Price","2009","2009","020","Compound 10-5-25","Euro per Tonne","."
"AJA05","Fertiliser Price","2009","2009","021","Compound 13-6-20","Euro per Tonne","."
"AJA05","Fertiliser Price","2009","2009","022","Compound 15-3-20","Euro per Tonne","."
"AJA05","Fertiliser Price","2009","2009","023","Compound 24-2.2-10","Euro per Tonne","."
"AJA05","Fertiliser Price","2009","2009","024","Compound 24-2.2-4.5","Euro per Tonne","."
"AJA05","Fertiliser Price","2009","2009","026","Compound 19-0-15","Euro per Tonne","."
"AJA05","Fertiliser Price","2009","2009","027","Compound 25-4-0","Euro per Tonne","385"
"AJA05","Fertiliser Price","2010","2010","001","Calcium Ammonium Nitrate (27.5% N)","Euro per Tonne","252"
"AJA05","Fertiliser Price","2010","2010","002","Urea (46% N)","Euro per Tonne","330"
"AJA05","Fertiliser Price","2010","2010","004","Granular Superphosphate (16% P)","Euro per Tonne","."
"AJA05","Fertiliser Price","2010","2010","006","Muriate of Potash (50% K)","Euro per Tonne","448"
"AJA05","Fertiliser Price","2010","2010","007","Compound 0-10-20","Euro per Tonne","368"
"AJA05","Fertiliser Price","2010","2010","008","Compound 0-7-30","Euro per Tonne","401"
"AJA05","Fertiliser Price","2010","2010","009","Compound 7-6-17","Euro per Tonne","436"
"AJA05","Fertiliser Price","2010","2010","010","Compound 10-10-20","Euro per Tonne","402"
"AJA05","Fertiliser Price","2010","2010","011","Compound 14-7-14","Euro per Tonne","361"
"AJA05","Fertiliser Price","2010","2010","012","Compound 18-6-12","Euro per Tonne","350"
"AJA05","Fertiliser Price","2010","2010","013","Compound 24-2.5-10","Euro per Tonne","355"
"AJA05","Fertiliser Price","2010","2010","014","Compound 27-2.5-5","Euro per Tonne","342"
"AJA05","Fertiliser Price","2010","2010","015","Sulphate of Potash (42% K)","Euro per Tonne","."
"AJA05","Fertiliser Price","2010","2010","016","Compound 8-5-18","Euro per Tonne","357"
"AJA05","Fertiliser Price","2010","2010","017","Compound 20-4-10","Euro per Tonne","342"
"AJA05","Fertiliser Price","2010","2010","018","Sulphate of Ammonia (21%)","Euro per Tonne","."
"AJA05","Fertiliser Price","2010","2010","019","Ammonium Sulphate Nitrate (26%)","Euro per Tonne","."
"AJA05","Fertiliser Price","2010","2010","020","Compound 10-5-25","Euro per Tonne","."
"AJA05","Fertiliser Price","2010","2010","021","Compound 13-6-20","Euro per Tonne","."
"AJA05","Fertiliser Price","2010","2010","022","Compound 15-3-20","Euro per Tonne","."
"AJA05","Fertiliser Price","2010","2010","023","Compound 24-2.2-10","Euro per Tonne","."
"AJA05","Fertiliser Price","2010","2010","024","Compound 24-2.2-4.5","Euro per Tonne","."
"AJA05","Fertiliser Price","2010","2010","026","Compound 19-0-15","Euro per Tonne","."
"AJA05","Fertiliser Price","2010","2010","027","Compound 25-4-0","Euro per Tonne","339"
"AJA05","Fertiliser Price","2011","2011","001","Calcium Ammonium Nitrate (27.5% N)","Euro per Tonne","326"
"AJA05","Fertiliser Price","2011","2011","002","Urea (46% N)","Euro per Tonne","404"
"AJA05","Fertiliser Price","2011","2011","004","Granular Superphosphate (16% P)","Euro per Tonne","."
"AJA05","Fertiliser Price","2011","2011","006","Muriate of Potash (50% K)","Euro per Tonne","460"
"AJA05","Fertiliser Price","2011","2011","007","Compound 0-10-20","Euro per Tonne","425"
"AJA05","Fertiliser Price","2011","2011","008","Compound 0-7-30","Euro per Tonne","433"
"AJA05","Fertiliser Price","2011","2011","009","Compound 7-6-17","Euro per Tonne","490"
"AJA05","Fertiliser Price","2011","2011","010","Compound 10-10-20","Euro per Tonne","472"
"AJA05","Fertiliser Price","2011","2011","011","Compound 14-7-14","Euro per Tonne","434"
"AJA05","Fertiliser Price","2011","2011","012","Compound 18-6-12","Euro per Tonne","425"
"AJA05","Fertiliser Price","2011","2011","013","Compound 24-2.5-10","Euro per Tonne","431"
"AJA05","Fertiliser Price","2011","2011","014","Compound 27-2.5-5","Euro per Tonne","420"
"AJA05","Fertiliser Price","2011","2011","015","Sulphate of Potash (42% K)","Euro per Tonne","."
"AJA05","Fertiliser Price","2011","2011","016","Compound 8-5-18","Euro per Tonne","437"
"AJA05","Fertiliser Price","2011","2011","017","Compound 20-4-10","Euro per Tonne","417"
"AJA05","Fertiliser Price","2011","2011","018","Sulphate of Ammonia (21%)","Euro per Tonne","."
"AJA05","Fertiliser Price","2011","2011","019","Ammonium Sulphate Nitrate (26%)","Euro per Tonne","."
"AJA05","Fertiliser Price","2011","2011","020","Compound 10-5-25","Euro per Tonne","."
"AJA05","Fertiliser Price","2011","2011","021","Compound 13-6-20","Euro per Tonne","."
"AJA05","Fertiliser Price","2011","2011","022","Compound 15-3-20","Euro per Tonne","."
"AJA05","Fertiliser Price","2011","2011","023","Compound 24-2.2-10","Euro per Tonne","."
"AJA05","Fertiliser Price","2011","2011","024","Compound 24-2.2-4.5","Euro per Tonne","."
"AJA05","Fertiliser Price","2011","2011","026","Compound 19-0-15","Euro per Tonne","."
"AJA05","Fertiliser Price","2011","2011","027","Compound 25-4-0","Euro per Tonne","419"
"AJA05","Fertiliser Price","2012","2012","001","Calcium Ammonium Nitrate (27.5% N)","Euro per Tonne","331"
"AJA05","Fertiliser Price","2012","2012","002","Urea (46% N)","Euro per Tonne","436"
"AJA05","Fertiliser Price","2012","2012","004","Granular Superphosphate (16% P)","Euro per Tonne","461"
"AJA05","Fertiliser Price","2012","2012","006","Muriate of Potash (50% K)","Euro per Tonne","460"
"AJA05","Fertiliser Price","2012","2012","007","Compound 0-10-20","Euro per Tonne","453"
"AJA05","Fertiliser Price","2012","2012","008","Compound 0-7-30","Euro per Tonne","454"
"AJA05","Fertiliser Price","2012","2012","009","Compound 7-6-17","Euro per Tonne","505"
"AJA05","Fertiliser Price","2012","2012","010","Compound 10-10-20","Euro per Tonne","490"
"AJA05","Fertiliser Price","2012","2012","011","Compound 14-7-14","Euro per Tonne","458"
"AJA05","Fertiliser Price","2012","2012","012","Compound 18-6-12","Euro per Tonne","444"
"AJA05","Fertiliser Price","2012","2012","013","Compound 24-2.5-10","Euro per Tonne","438"
"AJA05","Fertiliser Price","2012","2012","014","Compound 27-2.5-5","Euro per Tonne","433"
"AJA05","Fertiliser Price","2012","2012","015","Sulphate of Potash (42% K)","Euro per Tonne","."
"AJA05","Fertiliser Price","2012","2012","016","Compound 8-5-18","Euro per Tonne","451"
"AJA05","Fertiliser Price","2012","2012","017","Compound 20-4-10","Euro per Tonne","435"
"AJA05","Fertiliser Price","2012","2012","018","Sulphate of Ammonia (21%)","Euro per Tonne","."
"AJA05","Fertiliser Price","2012","2012","019","Ammonium Sulphate Nitrate (26%)","Euro per Tonne","."
"AJA05","Fertiliser Price","2012","2012","020","Compound 10-5-25","Euro per Tonne","."
"AJA05","Fertiliser Price","2012","2012","021","Compound 13-6-20","Euro per Tonne","."
"AJA05","Fertiliser Price","2012","2012","022","Compound 15-3-20","Euro per Tonne","."
"AJA05","Fertiliser Price","2012","2012","023","Compound 24-2.2-10","Euro per Tonne","."
"AJA05","Fertiliser Price","2012","2012","024","Compound 24-2.2-4.5","Euro per Tonne","387"
"AJA05","Fertiliser Price","2012","2012","026","Compound 19-0-15","Euro per Tonne","414"
"AJA05","Fertiliser Price","2012","2012","027","Compound 25-4-0","Euro per Tonne","437"
"AJA05","Fertiliser Price","2013","2013","001","Calcium Ammonium Nitrate (27.5% N)","Euro per Tonne","329"
"AJA05","Fertiliser Price","2013","2013","002","Urea (46% N)","Euro per Tonne","440"
"AJA05","Fertiliser Price","2013","2013","004","Granular Superphosphate (16% P)","Euro per Tonne","457"
"AJA05","Fertiliser Price","2013","2013","006","Muriate of Potash (50% K)","Euro per Tonne","454"
"AJA05","Fertiliser Price","2013","2013","007","Compound 0-10-20","Euro per Tonne","447"
"AJA05","Fertiliser Price","2013","2013","008","Compound 0-7-30","Euro per Tonne","451"
"AJA05","Fertiliser Price","2013","2013","009","Compound 7-6-17","Euro per Tonne","494"
"AJA05","Fertiliser Price","2013","2013","010","Compound 10-10-20","Euro per Tonne","480"
"AJA05","Fertiliser Price","2013","2013","011","Compound 14-7-14","Euro per Tonne","440"
"AJA05","Fertiliser Price","2013","2013","012","Compound 18-6-12","Euro per Tonne","439"
"AJA05","Fertiliser Price","2013","2013","013","Compound 24-2.5-10","Euro per Tonne","443"
"AJA05","Fertiliser Price","2013","2013","014","Compound 27-2.5-5","Euro per Tonne","434"
"AJA05","Fertiliser Price","2013","2013","015","Sulphate of Potash (42% K)","Euro per Tonne","541"
"AJA05","Fertiliser Price","2013","2013","016","Compound 8-5-18","Euro per Tonne","444"
"AJA05","Fertiliser Price","2013","2013","017","Compound 20-4-10","Euro per Tonne","421"
"AJA05","Fertiliser Price","2013","2013","018","Sulphate of Ammonia (21%)","Euro per Tonne","345"
"AJA05","Fertiliser Price","2013","2013","019","Ammonium Sulphate Nitrate (26%)","Euro per Tonne","348"
"AJA05","Fertiliser Price","2013","2013","020","Compound 10-5-25","Euro per Tonne","."
"AJA05","Fertiliser Price","2013","2013","021","Compound 13-6-20","Euro per Tonne","440"
"AJA05","Fertiliser Price","2013","2013","022","Compound 15-3-20","Euro per Tonne","."
"AJA05","Fertiliser Price","2013","2013","023","Compound 24-2.2-10","Euro per Tonne","."
"AJA05","Fertiliser Price","2013","2013","024","Compound 24-2.2-4.5","Euro per Tonne","393"
"AJA05","Fertiliser Price","2013","2013","026","Compound 19-0-15","Euro per Tonne","404"
"AJA05","Fertiliser Price","2013","2013","027","Compound 25-4-0","Euro per Tonne","416"
"AJA05","Fertiliser Price","2014","2014","001","Calcium Ammonium Nitrate (27.5% N)","Euro per Tonne","322"
"AJA05","Fertiliser Price","2014","2014","002","Urea (46% N)","Euro per Tonne","395"
"AJA05","Fertiliser Price","2014","2014","004","Granular Superphosphate (16% P)","Euro per Tonne","417"
"AJA05","Fertiliser Price","2014","2014","006","Muriate of Potash (50% K)","Euro per Tonne","415"
"AJA05","Fertiliser Price","2014","2014","007","Compound 0-10-20","Euro per Tonne","413"
"AJA05","Fertiliser Price","2014","2014","008","Compound 0-7-30","Euro per Tonne","416"
"AJA05","Fertiliser Price","2014","2014","009","Compound 7-6-17","Euro per Tonne","472"
"AJA05","Fertiliser Price","2014","2014","010","Compound 10-10-20","Euro per Tonne","446"
"AJA05","Fertiliser Price","2014","2014","011","Compound 14-7-14","Euro per Tonne","421"
"AJA05","Fertiliser Price","2014","2014","012","Compound 18-6-12","Euro per Tonne","415"
"AJA05","Fertiliser Price","2014","2014","013","Compound 24-2.5-10","Euro per Tonne","432"
"AJA05","Fertiliser Price","2014","2014","014","Compound 27-2.5-5","Euro per Tonne","424"
"AJA05","Fertiliser Price","2014","2014","015","Sulphate of Potash (42% K)","Euro per Tonne","539"
"AJA05","Fertiliser Price","2014","2014","016","Compound 8-5-18","Euro per Tonne","426"
"AJA05","Fertiliser Price","2014","2014","017","Compound 20-4-10","Euro per Tonne","405"
"AJA05","Fertiliser Price","2014","2014","018","Sulphate of Ammonia (21%)","Euro per Tonne","337"
"AJA05","Fertiliser Price","2014","2014","019","Ammonium Sulphate Nitrate (26%)","Euro per Tonne","351"
"AJA05","Fertiliser Price","2014","2014","020","Compound 10-5-25","Euro per Tonne","415"
"AJA05","Fertiliser Price","2014","2014","021","Compound 13-6-20","Euro per Tonne","428"
"AJA05","Fertiliser Price","2014","2014","022","Compound 15-3-20","Euro per Tonne","407"
"AJA05","Fertiliser Price","2014","2014","023","Compound 24-2.2-10","Euro per Tonne","404"
"AJA05","Fertiliser Price","2014","2014","024","Compound 24-2.2-4.5","Euro per Tonne","390"
"AJA05","Fertiliser Price","2014","2014","026","Compound 19-0-15","Euro per Tonne","396"
"AJA05","Fertiliser Price","2014","2014","027","Compound 25-4-0","Euro per Tonne","407"
"AJA05","Fertiliser Price","2015","2015","001","Calcium Ammonium Nitrate (27.5% N)","Euro per Tonne","320"
"AJA05","Fertiliser Price","2015","2015","002","Urea (46% N)","Euro per Tonne","410"
"AJA05","Fertiliser Price","2015","2015","004","Granular Superphosphate (16% P)","Euro per Tonne","419"
"AJA05","Fertiliser Price","2015","2015","006","Muriate of Potash (50% K)","Euro per Tonne","418"
"AJA05","Fertiliser Price","2015","2015","007","Compound 0-10-20","Euro per Tonne","408"
"AJA05","Fertiliser Price","2015","2015","008","Compound 0-7-30","Euro per Tonne","413"
"AJA05","Fertiliser Price","2015","2015","009","Compound 7-6-17","Euro per Tonne","490"
"AJA05","Fertiliser Price","2015","2015","010","Compound 10-10-20","Euro per Tonne","451"
"AJA05","Fertiliser Price","2015","2015","011","Compound 14-7-14","Euro per Tonne","431"
"AJA05","Fertiliser Price","2015","2015","012","Compound 18-6-12","Euro per Tonne","417"
"AJA05","Fertiliser Price","2015","2015","013","Compound 24-2.5-10","Euro per Tonne","433"
"AJA05","Fertiliser Price","2015","2015","014","Compound 27-2.5-5","Euro per Tonne","424"
"AJA05","Fertiliser Price","2015","2015","015","Sulphate of Potash (42% K)","Euro per Tonne","571"
"AJA05","Fertiliser Price","2015","2015","016","Compound 8-5-18","Euro per Tonne","427"
"AJA05","Fertiliser Price","2015","2015","017","Compound 20-4-10","Euro per Tonne","421"
"AJA05","Fertiliser Price","2015","2015","018","Sulphate of Ammonia (21%)","Euro per Tonne","336"
"AJA05","Fertiliser Price","2015","2015","019","Ammonium Sulphate Nitrate (26%)","Euro per Tonne","355"
"AJA05","Fertiliser Price","2015","2015","020","Compound 10-5-25","Euro per Tonne","425"
"AJA05","Fertiliser Price","2015","2015","021","Compound 13-6-20","Euro per Tonne","422"
"AJA05","Fertiliser Price","2015","2015","022","Compound 15-3-20","Euro per Tonne","414"
"AJA05","Fertiliser Price","2015","2015","023","Compound 24-2.2-10","Euro per Tonne","389"
"AJA05","Fertiliser Price","2015","2015","024","Compound 24-2.2-4.5","Euro per Tonne","390"
"AJA05","Fertiliser Price","2015","2015","026","Compound 19-0-15","Euro per Tonne","400"
"AJA05","Fertiliser Price","2015","2015","027","Compound 25-4-0","Euro per Tonne","407"
"AJA05","Fertiliser Price","2016","2016","001","Calcium Ammonium Nitrate (27.5% N)","Euro per Tonne","257"
"AJA05","Fertiliser Price","2016","2016","002","Urea (46% N)","Euro per Tonne","351"
"AJA05","Fertiliser Price","2016","2016","004","Granular Superphosphate (16% P)","Euro per Tonne","390"
"AJA05","Fertiliser Price","2016","2016","006","Muriate of Potash (50% K)","Euro per Tonne","390"
"AJA05","Fertiliser Price","2016","2016","007","Compound 0-10-20","Euro per Tonne","387"
"AJA05","Fertiliser Price","2016","2016","008","Compound 0-7-30","Euro per Tonne","391"
"AJA05","Fertiliser Price","2016","2016","009","Compound 7-6-17","Euro per Tonne","472"
"AJA05","Fertiliser Price","2016","2016","010","Compound 10-10-20","Euro per Tonne","402"
"AJA05","Fertiliser Price","2016","2016","011","Compound 14-7-14","Euro per Tonne","377"
"AJA05","Fertiliser Price","2016","2016","012","Compound 18-6-12","Euro per Tonne","366"
"AJA05","Fertiliser Price","2016","2016","013","Compound 24-2.5-10","Euro per Tonne","371"
"AJA05","Fertiliser Price","2016","2016","014","Compound 27-2.5-5","Euro per Tonne","362"
"AJA05","Fertiliser Price","2016","2016","015","Sulphate of Potash (42% K)","Euro per Tonne","617"
"AJA05","Fertiliser Price","2016","2016","016","Compound 8-5-18","Euro per Tonne","390"
"AJA05","Fertiliser Price","2016","2016","017","Compound 20-4-10","Euro per Tonne","354"
"AJA05","Fertiliser Price","2016","2016","018","Sulphate of Ammonia (21%)","Euro per Tonne","280"
"AJA05","Fertiliser Price","2016","2016","019","Ammonium Sulphate Nitrate (26%)","Euro per Tonne","296"
"AJA05","Fertiliser Price","2016","2016","020","Compound 10-5-25","Euro per Tonne","394"
"AJA05","Fertiliser Price","2016","2016","021","Compound 13-6-20","Euro per Tonne","392"
"AJA05","Fertiliser Price","2016","2016","022","Compound 15-3-20","Euro per Tonne","382"
"AJA05","Fertiliser Price","2016","2016","023","Compound 24-2.2-10","Euro per Tonne","374"
"AJA05","Fertiliser Price","2016","2016","024","Compound 24-2.2-4.5","Euro per Tonne","332"
"AJA05","Fertiliser Price","2016","2016","026","Compound 19-0-15","Euro per Tonne","349"
"AJA05","Fertiliser Price","2016","2016","027","Compound 25-4-0","Euro per Tonne","350"
"AJA05","Fertiliser Price","2017","2017","001","Calcium Ammonium Nitrate (27.5% N)","Euro per Tonne","240"
"AJA05","Fertiliser Price","2017","2017","002","Urea (46% N)","Euro per Tonne","348"
"AJA05","Fertiliser Price","2017","2017","004","Granular Superphosphate (16% P)","Euro per Tonne","377"
"AJA05","Fertiliser Price","2017","2017","006","Muriate of Potash (50% K)","Euro per Tonne","365"
"AJA05","Fertiliser Price","2017","2017","007","Compound 0-10-20","Euro per Tonne","359"
"AJA05","Fertiliser Price","2017","2017","008","Compound 0-7-30","Euro per Tonne","362"
"AJA05","Fertiliser Price","2017","2017","009","Compound 7-6-17","Euro per Tonne","449"
"AJA05","Fertiliser Price","2017","2017","010","Compound 10-10-20","Euro per Tonne","381"
"AJA05","Fertiliser Price","2017","2017","011","Compound 14-7-14","Euro per Tonne","356"
"AJA05","Fertiliser Price","2017","2017","012","Compound 18-6-12","Euro per Tonne","342"
"AJA05","Fertiliser Price","2017","2017","013","Compound 24-2.5-10","Euro per Tonne","350"
"AJA05","Fertiliser Price","2017","2017","014","Compound 27-2.5-5","Euro per Tonne","341"
"AJA05","Fertiliser Price","2017","2017","015","Sulphate of Potash (42% K)","Euro per Tonne","."
"AJA05","Fertiliser Price","2017","2017","016","Compound 8-5-18","Euro per Tonne","362"
"AJA05","Fertiliser Price","2017","2017","017","Compound 20-4-10","Euro per Tonne","332"
"AJA05","Fertiliser Price","2017","2017","018","Sulphate of Ammonia (21%)","Euro per Tonne","271"
"AJA05","Fertiliser Price","2017","2017","019","Ammonium Sulphate Nitrate (26%)","Euro per Tonne","274"
"AJA05","Fertiliser Price","2017","2017","020","Compound 10-5-25","Euro per Tonne","359"
"AJA05","Fertiliser Price","2017","2017","021","Compound 13-6-20","Euro per Tonne","370"
"AJA05","Fertiliser Price","2017","2017","022","Compound 15-3-20","Euro per Tonne","346"
"AJA05","Fertiliser Price","2017","2017","023","Compound 24-2.2-10","Euro per Tonne","."
"AJA05","Fertiliser Price","2017","2017","024","Compound 24-2.2-4.5","Euro per Tonne","305"
"AJA05","Fertiliser Price","2017","2017","026","Compound 19-0-15","Euro per Tonne","312"
"AJA05","Fertiliser Price","2017","2017","027","Compound 25-4-0","Euro per Tonne","327"
"AJA05","Fertiliser Price","2018","2018","001","Calcium Ammonium Nitrate (27.5% N)","Euro per Tonne","265"
"AJA05","Fertiliser Price","2018","2018","002","Urea (46% N)","Euro per Tonne","355"
"AJA05","Fertiliser Price","2018","2018","004","Granular Superphosphate (16% P)","Euro per Tonne","."
"AJA05","Fertiliser Price","2018","2018","006","Muriate of Potash (50% K)","Euro per Tonne","366"
"AJA05","Fertiliser Price","2018","2018","007","Compound 0-10-20","Euro per Tonne","362"
"AJA05","Fertiliser Price","2018","2018","008","Compound 0-7-30","Euro per Tonne","366"
"AJA05","Fertiliser Price","2018","2018","009","Compound 7-6-17","Euro per Tonne","453"
"AJA05","Fertiliser Price","2018","2018","010","Compound 10-10-20","Euro per Tonne","394"
"AJA05","Fertiliser Price","2018","2018","011","Compound 14-7-14","Euro per Tonne","371"
"AJA05","Fertiliser Price","2018","2018","012","Compound 18-6-12","Euro per Tonne","362"
"AJA05","Fertiliser Price","2018","2018","013","Compound 24-2.5-10","Euro per Tonne","375"
"AJA05","Fertiliser Price","2018","2018","014","Compound 27-2.5-5","Euro per Tonne","366"
"AJA05","Fertiliser Price","2018","2018","015","Sulphate of Potash (42% K)","Euro per Tonne","567"
"AJA05","Fertiliser Price","2018","2018","016","Compound 8-5-18","Euro per Tonne","383"
"AJA05","Fertiliser Price","2018","2018","017","Compound 20-4-10","Euro per Tonne","353"
"AJA05","Fertiliser Price","2018","2018","018","Sulphate of Ammonia (21%)","Euro per Tonne","284"
"AJA05","Fertiliser Price","2018","2018","019","Ammonium Sulphate Nitrate (26%)","Euro per Tonne","."
"AJA05","Fertiliser Price","2018","2018","020","Compound 10-5-25","Euro per Tonne","380"
"AJA05","Fertiliser Price","2018","2018","021","Compound 13-6-20","Euro per Tonne","."
"AJA05","Fertiliser Price","2018","2018","022","Compound 15-3-20","Euro per Tonne","359"
"AJA05","Fertiliser Price","2018","2018","023","Compound 24-2.2-10","Euro per Tonne","."
"AJA05","Fertiliser Price","2018","2018","024","Compound 24-2.2-4.5","Euro per Tonne","324"
"AJA05","Fertiliser Price","2018","2018","026","Compound 19-0-15","Euro per Tonne","336"
"AJA05","Fertiliser Price","2018","2018","027","Compound 25-4-0","Euro per Tonne","340"
"AJA05","Fertiliser Price","2019","2019","001","Calcium Ammonium Nitrate (27.5% N)","Euro per Tonne","280"
"AJA05","Fertiliser Price","2019","2019","002","Urea (46% N)","Euro per Tonne","372"
"AJA05","Fertiliser Price","2019","2019","004","Granular Superphosphate (16% P)","Euro per Tonne","399"
"AJA05","Fertiliser Price","2019","2019","006","Muriate of Potash (50% K)","Euro per Tonne","388"
"AJA05","Fertiliser Price","2019","2019","007","Compound 0-10-20","Euro per Tonne","384"
"AJA05","Fertiliser Price","2019","2019","008","Compound 0-7-30","Euro per Tonne","387"
"AJA05","Fertiliser Price","2019","2019","009","Compound 7-6-17","Euro per Tonne","472"
"AJA05","Fertiliser Price","2019","2019","010","Compound 10-10-20","Euro per Tonne","415"
"AJA05","Fertiliser Price","2019","2019","011","Compound 14-7-14","Euro per Tonne","393"
"AJA05","Fertiliser Price","2019","2019","012","Compound 18-6-12","Euro per Tonne","381"
"AJA05","Fertiliser Price","2019","2019","013","Compound 24-2.5-10","Euro per Tonne","392"
"AJA05","Fertiliser Price","2019","2019","014","Compound 27-2.5-5","Euro per Tonne","383"
"AJA05","Fertiliser Price","2019","2019","015","Sulphate of Potash (42% K)","Euro per Tonne","573"
"AJA05","Fertiliser Price","2019","2019","016","Compound 8-5-18","Euro per Tonne","401"
"AJA05","Fertiliser Price","2019","2019","017","Compound 20-4-10","Euro per Tonne","372"
"AJA05","Fertiliser Price","2019","2019","018","Sulphate of Ammonia (21%)","Euro per Tonne","298"
"AJA05","Fertiliser Price","2019","2019","019","Ammonium Sulphate Nitrate (26%)","Euro per Tonne","312"
"AJA05","Fertiliser Price","2019","2019","020","Compound 10-5-25","Euro per Tonne","393"
"AJA05","Fertiliser Price","2019","2019","021","Compound 13-6-20","Euro per Tonne","401"
"AJA05","Fertiliser Price","2019","2019","022","Compound 15-3-20","Euro per Tonne","381"
"AJA05","Fertiliser Price","2019","2019","023","Compound 24-2.2-10","Euro per Tonne","."
"AJA05","Fertiliser Price","2019","2019","024","Compound 24-2.2-4.5","Euro per Tonne","348"
"AJA05","Fertiliser Price","2019","2019","026","Compound 19-0-15","Euro per Tonne","356"
"AJA05","Fertiliser Price","2019","2019","027","Compound 25-4-0","Euro per Tonne","360"
"AJA05","Fertiliser Price","2020","2020","001","Calcium Ammonium Nitrate (27.5% N)","Euro per Tonne","240"
"AJA05","Fertiliser Price","2020","2020","002","Urea (46% N)","Euro per Tonne","336"
"AJA05","Fertiliser Price","2020","2020","004","Granular Superphosphate (16% P)","Euro per Tonne","367"
"AJA05","Fertiliser Price","2020","2020","006","Muriate of Potash (50% K)","Euro per Tonne","363"
"AJA05","Fertiliser Price","2020","2020","007","Compound 0-10-20","Euro per Tonne","369"
"AJA05","Fertiliser Price","2020","2020","008","Compound 0-7-30","Euro per Tonne","372"
"AJA05","Fertiliser Price","2020","2020","009","Compound 7-6-17","Euro per Tonne","452"
"AJA05","Fertiliser Price","2020","2020","010","Compound 10-10-20","Euro per Tonne","373"
"AJA05","Fertiliser Price","2020","2020","011","Compound 14-7-14","Euro per Tonne","362"
"AJA05","Fertiliser Price","2020","2020","012","Compound 18-6-12","Euro per Tonne","344"
"AJA05","Fertiliser Price","2020","2020","013","Compound 24-2.5-10","Euro per Tonne","350"
"AJA05","Fertiliser Price","2020","2020","014","Compound 27-2.5-5","Euro per Tonne","341"
"AJA05","Fertiliser Price","2020","2020","015","Sulphate of Potash (42% K)","Euro per Tonne","."
"AJA05","Fertiliser Price","2020","2020","016","Compound 8-5-18","Euro per Tonne","."
"AJA05","Fertiliser Price","2020","2020","017","Compound 20-4-10","Euro per Tonne","343"
"AJA05","Fertiliser Price","2020","2020","018","Sulphate of Ammonia (21%)","Euro per Tonne","."
"AJA05","Fertiliser Price","2020","2020","019","Ammonium Sulphate Nitrate (26%)","Euro per Tonne","285"
"AJA05","Fertiliser Price","2020","2020","020","Compound 10-5-25","Euro per Tonne","357"
"AJA05","Fertiliser Price","2020","2020","021","Compound 13-6-20","Euro per Tonne","355"
"AJA05","Fertiliser Price","2020","2020","022","Compound 15-3-20","Euro per Tonne","358"
"AJA05","Fertiliser Price","2020","2020","023","Compound 24-2.2-10","Euro per Tonne","."
"AJA05","Fertiliser Price","2020","2020","024","Compound 24-2.2-4.5","Euro per Tonne","307"
"AJA05","Fertiliser Price","2020","2020","026","Compound 19-0-15","Euro per Tonne","323"
"AJA05","Fertiliser Price","2020","2020","027","Compound 25-4-0","Euro per Tonne","324"
"AJA05","Fertiliser Price","2021","2021","001","Calcium Ammonium Nitrate (27.5% N)","Euro per Tonne","319"
"AJA05","Fertiliser Price","2021","2021","002","Urea (46% N)","Euro per Tonne","442"
"AJA05","Fertiliser Price","2021","2021","004","Granular Superphosphate (16% P)","Euro per Tonne","390"
"AJA05","Fertiliser Price","2021","2021","006","Muriate of Potash (50% K)","Euro per Tonne","425"
"AJA05","Fertiliser Price","2021","2021","007","Compound 0-10-20","Euro per Tonne","427"
"AJA05","Fertiliser Price","2021","2021","008","Compound 0-7-30","Euro per Tonne","429"
"AJA05","Fertiliser Price","2021","2021","009","Compound 7-6-17","Euro per Tonne","528"
"AJA05","Fertiliser Price","2021","2021","010","Compound 10-10-20","Euro per Tonne","457"
"AJA05","Fertiliser Price","2021","2021","011","Compound 14-7-14","Euro per Tonne","468"
"AJA05","Fertiliser Price","2021","2021","012","Compound 18-6-12","Euro per Tonne","424"
"AJA05","Fertiliser Price","2021","2021","013","Compound 24-2.5-10","Euro per Tonne","426"
"AJA05","Fertiliser Price","2021","2021","014","Compound 27-2.5-5","Euro per Tonne","419"
"AJA05","Fertiliser Price","2021","2021","015","Sulphate of Potash (42% K)","Euro per Tonne","600"
"AJA05","Fertiliser Price","2021","2021","016","Compound 8-5-18","Euro per Tonne","418"
"AJA05","Fertiliser Price","2021","2021","017","Compound 20-4-10","Euro per Tonne","430"
"AJA05","Fertiliser Price","2021","2021","018","Sulphate of Ammonia (21%)","Euro per Tonne","350"
"AJA05","Fertiliser Price","2021","2021","019","Ammonium Sulphate Nitrate (26%)","Euro per Tonne","353"
"AJA05","Fertiliser Price","2021","2021","020","Compound 10-5-25","Euro per Tonne","467"
"AJA05","Fertiliser Price","2021","2021","021","Compound 13-6-20","Euro per Tonne","475"
"AJA05","Fertiliser Price","2021","2021","022","Compound 15-3-20","Euro per Tonne","375"
"AJA05","Fertiliser Price","2021","2021","023","Compound 24-2.2-10","Euro per Tonne","."
"AJA05","Fertiliser Price","2021","2021","024","Compound 24-2.2-4.5","Euro per Tonne","373"
"AJA05","Fertiliser Price","2021","2021","026","Compound 19-0-15","Euro per Tonne","402"
"AJA05","Fertiliser Price","2021","2021","027","Compound 25-4-0","Euro per Tonne","343"
